NBG_UGC_192:        U, 192, 5.104, 59.294, 1.3000e+06, 6.00e+00, 8.10e-01, 10, 1, 0
NBG_NGC_147:        N, 147, 8.309, 48.509, 7.1000e+05, 1.30e+01, 5.80e-01, -5, 0, 0
NBG_NGC_185:        N, 185, 9.742, 48.341, 7.1000e+05, 1.20e+01, 8.50e-01, -5, 0, 0
NBG_NGC_205:        N, 205, 10.082, 41.691, 7.1000e+05, 2.20e+01, 5.00e-01, -5, 0, 0
NBG_NGC_221:        N, 221, 10.684, 40.874, 7.1000e+05, 9.00e+00, 7.40e-01, -5, 0, 0
NBG_NGC_224:        N, 224, 10.684, 41.274, 7.1000e+05, 1.90e+02, 3.20e-01,  3, 0, 0
NBG_TULLY_58:       T, 58, 13.163, -72.795, 6.7000e+04, 3.16e+02, 5.80e-01, 3, 0, 0
NBG_TULLY_62:       T, 62, 15.043, -33.714, 7.5000e+04, 4.00e+01, 7.80e-01, -5, 0, 0
NBG_UGC_668:        U, 668, 16.318, 2.134, 7.1000e+05, 1.60e+01, 8.90e-01, 10, 1, 0
NBG_NGC_598:        N, 598, 23.455, 30.656, 8.5000e+05, 7.10e+01, 5.80e-01,  6, 0, 0
NBG_TULLY_178:      T, 178, 39.993, -34.453, 1.4000e+05, 6.30e+01, 7.40e-01, -5, 0, 0
NBG_TULLY_445:      T, 445, 80.894, -69.756, 5.0000e+04, 6.46e+02, 8.50e-01, 3, 0, 0
NBG_PGC_19441:      P, 19441, 100.453, -50.966, 1.7000e+05, 2.30e+01, 6.60e-01, -5, 0, 0
NBG_UNDEF_1:        *, 1, 108.652, -27.755, 7.6000e+03, 7.20e+02, 1.00e+00, 10, 0, 0
NBG_UGC_5364:       U, 5364, 149.825, 30.744, 1.1000e+06, 5.00e+00, 6.00e-01, 10, 0, 0
NBG_UGC_5470:       U, 5470, 152.120, 12.305, 1.1000e+05, 1.00e+01, 7.60e-01, -5, 0, 0
NBG_UGC_6253:       U, 6253, 168.364, 22.161, 1.0500e+05, 1.20e+01, 9.10e-01, -5, 0, 0
NBG_UGC_9749:       U, 9749, 227.203, 67.194, 6.3000e+04, 3.00e+01, 6.30e-01, -5, 0, 0
NBG_UGC_10822:      U, 10822, 260.053, 57.918, 6.3000e+04, 3.50e+01, 6.90e-01, -5, 0, 0
NBG_NGC_6822:       N, 6822, 296.232, -14.795, 5.7000e+05, 1.50e+01, 8.70e-01, 10, 1, 0
NBG_UGC_12613:      U, 12613, 352.130, 14.742, 1.0000e+06, 5.00e+00, 6.30e-01, 10, 0, 0
NBG_TULLY_2367:     T, 2367, 0.490, -15.455, 1.3000e+06, 1.10e+01, 3.50e-01, 10, 0, 0
NBG_TULLY_1:        T, 1, 0.680, -80.338, 2.3394e+07, 2.00e+00, 5.40e-01, 10, 0, 55
NBG_NGC_7814:       N, 7814, 0.816, 16.145, 1.5193e+07, 5.10e+00, 4.60e-01,  2, 0, 65
NBG_UGC_17:         U, 17, 0.917, 15.228, 1.2973e+07, 2.70e+00, 7.00e-01,  9, 0, 65
NBG_NGC_7817:       N, 7817, 0.992, 20.762, 3.1531e+07, 3.00e+00, 3.10e-01,  4, 0, 64
NBG_TULLY_5:        T, 5, 1.585, -41.488, 1.8263e+07, 3.00e+00, 1.80e-01, 3, 0, 61
NBG_TULLY_6:        T, 6, 2.035, -34.572, 2.3345e+06, 2.10e+00, 1.00e+00, 10, 0, 14
NBG_NGC_14:         N, 14, 2.193, 15.812, 1.2802e+07, 2.80e+00, 8.50e-01, 10, 0, 65
NBG_NGC_24:         N, 24, 2.486, -24.972, 6.8125e+06, 4.80e+00, 1.90e-01,  5, 0, 19
NBG_TULLY_9:        T, 9, 2.562, -18.272, 1.9278e+07, 2.10e+00, 1.00e+00, 10, 0, 61
NBG_UGC_99:         U, 99, 2.668, 13.695, 2.3643e+07, 3.00e+00, 1.00e+00,  9, 0, 64
NBG_UGC_122:        U, 122, 3.320, 17.028, 1.2653e+07, 1.80e+00, 1.90e-01, 10, 0, 65
NBG_NGC_45:         N, 45, 3.484, -23.172, 5.9085e+06, 7.80e+00, 7.30e-01,  8, 0, 19
NBG_NGC_48:         N, 48, 3.508, 48.228, 2.6360e+07, 1.80e+00, 6.30e-01,  5, 0, 60
NBG_NGC_55:         N, 55, 3.727, -39.189, 1.3379e+06, 2.42e+01, 1.90e-01,  9, 1, 14
NBG_UGC_156:        U, 156, 4.195, 12.344, 1.5831e+07, 2.80e+00, 7.00e-01, 10, 0, 65
NBG_TULLY_16:       T, 16, 4.708, -19.006, 2.5571e+07, 1.50e+00, 9.40e-01, 3, 0, 60
NBG_UGC_191:        U, 191, 5.045, 10.877, 1.5895e+07, 2.50e+00, 8.20e-01,  9, 0, 65
NBG_TULLY_19:       T, 19, 4.990, -77.089, 2.1450e+07, 1.70e+00, 8.00e-01, 3, 0, 55
NBG_TULLY_20:       T, 20, 5.242, -63.856, 2.0674e+07, 1.50e+00, 1.90e-01, 10, 0, 55
NBG_TULLY_21:       T, 21, 5.606, -53.639, 1.6574e+07, 3.10e+00, 6.50e-01, 3, 0, 61
NBG_NGC_100:        N, 100, 6.024, 16.477, 1.2520e+07, 3.80e+00, 1.50e-01,  5, 0, 65
NBG_UGC_260:        U, 260, 6.772, 11.577, 2.8333e+07, 2.30e+00, 2.70e-01,  5, 0, 64
NBG_UGC_300:        U, 300, 7.518, 3.509, 1.7854e+07, 1.50e+00, 1.00e+00, 10, 0, 65
NBG_NGC_134:        N, 134, 7.592, -33.257, 1.8978e+07, 5.40e+00, 2.00e-01,  4, 0, 61
NBG_UGC_328:        U, 328, 8.340, -1.124, 2.5479e+07, 1.70e+00, 1.00e+00,  9, 1, 61
NBG_TULLY_28:       T, 28, 8.542, -30.774, 1.8997e+07, 1.90e+00, 1.00e+00, 3, 0, 61
NBG_NGC_150:        N, 150, 8.570, -27.791, 1.9228e+07, 3.30e+00, 4.40e-01,  4, 1, 61
NBG_NGC_148:        N, 148, 8.566, -31.791, 1.8434e+07, 1.80e+00, 3.80e-01, -2, 0, 61
NBG_NGC_157:        N, 157, 8.685, -8.391, 2.0929e+07, 2.80e+00, 6.90e-01,  4, 0, 61
NBG_TULLY_32:       T, 32, 8.971, -25.375, 1.8819e+07, 3.40e+00, 7.80e-01, 3, 0, 61
NBG_NGC_178:        N, 178, 9.779, -14.175, 1.8397e+07, 1.80e+00, 5.00e-01,  9, 1, 61
NBG_NGC_210:        N, 210, 10.154, -13.876, 2.0360e+07, 4.50e+00, 6.70e-01,  3, 0, 61
NBG_TULLY_37:       T, 37, 10.194, -63.442, 2.0067e+07, 1.90e+00, 5.20e-01, 3, 0, 55
NBG_NGC_216:        N, 216, 10.372, -21.043, 1.9102e+07, 1.60e+00, 3.30e-01, 13, 0, 61
NBG_TULLY_41:       T, 41, 10.795, -22.243, 4.4204e+06, 1.90e+00, 4.30e-01, 10, 0, 14
NBG_NGC_244:        N, 244, 11.451, -15.594, 1.1617e+07, 1.10e+00, 9.10e-01, 13, 0, 19
NBG_UGC_477:        U, 477, 11.560, 19.490, 3.5488e+07, 2.50e+00, 2.70e-01,  9, 0, 60
NBG_TULLY_44:       T, 44, 11.530, -11.527, 2.0185e+07, 2.20e+00, 7.50e-01, 3, 0, 61
NBG_NGC_247:        N, 247, 11.770, -20.744, 2.1119e+06, 1.73e+01, 3.00e-01,  7, 0, 14
NBG_NGC_254:        N, 254, 11.856, -31.427, 1.7056e+07, 2.30e+00, 6.00e-01, -2, 1, 61
NBG_NGC_253:        N, 253, 11.889, -25.294, 3.0166e+06, 1.88e+01, 2.30e-01,  5, 0, 14
NBG_TULLY_48:       T, 48, 11.931, -9.911, 1.6803e+07, 2.20e+00, 1.90e-01, 3, 0, 61
NBG_NGC_255:        N, 255, 11.954, -11.477, 1.9994e+07, 3.40e+00, 1.00e+00,  4, 0, 61
NBG_TULLY_50:       T, 50, 12.468, -20.995, 3.7336e+06, 1.80e+00, 5.20e-01, 10, 0, 14
NBG_TULLY_51:       T, 51, 12.528, -66.545, 1.9474e+07, 1.30e+00, 8.10e-01, 3, 0, 55
NBG_NGC_274:        N, 274, 12.758, -7.061, 2.1859e+07, 1.70e+00, 9.40e-01, -2, 0, 61
NBG_NGC_275:        N, 275, 12.783, -7.062, 2.1859e+07, 1.40e+00, 8.20e-01,  6, 1, 61
NBG_TULLY_54:       T, 54, 12.889, -1.228, 1.7895e+07, 0.00e+00, 0.00e+00, 14, 0, 61
NBG_NGC_278:        N, 278, 13.032, 47.555, 1.1875e+07, 3.20e+00, 1.00e+00,  3, 0, 17
NBG_TULLY_56:       T, 56, 13.015, -0.462, 2.1648e+07, 0.00e+00, 0.00e+00, 14, 0, 61
NBG_NGC_289:        N, 289, 13.203, -31.212, 1.9419e+07, 8.00e+00, 8.20e-01,  4, 1, 61
NBG_NGC_300:        N, 300, 13.716, -37.679, 1.2329e+06, 1.91e+01, 7.50e-01,  7, 0, 14
NBG_UGC_608:        U, 608, 14.742, 48.020, 3.8871e+07, 2.00e+00, 4.90e-01,  8, 0, 60
NBG_NGC_337:        N, 337, 14.956, -7.581, 2.0720e+07, 2.90e+00, 6.90e-01,  7, 1, 61
NBG_UGC_625:        U, 625, 15.219, 47.686, 3.6952e+07, 3.70e+00, 3.10e-01,  4, 0, 60
NBG_UGC_634:        U, 634, 15.350, 7.619, 2.8792e+07, 1.80e+00, 6.20e-01,  9, 0, 52
NBG_TULLY_65:       T, 65, 15.381, -7.598, 1.3725e+07, 6.40e+00, 7.50e-01, 3, 0, 17
NBG_NGC_357:        N, 357, 15.832, -6.332, 3.2068e+07, 2.20e+00, 6.50e-01,  0, 1, 52
NBG_TULLY_68:       T, 68, 16.282, -6.216, 1.3871e+07, 4.30e+00, 7.50e-01, 3, 0, 17
NBG_NGC_406:        N, 406, 16.847, -69.883, 1.7351e+07, 2.30e+00, 4.10e-01,  3, 0, 55
NBG_UGC_711:        U, 711, 17.168, 1.650, 2.5326e+07, 2.60e+00, 1.50e-01,  5, 0, 52
NBG_NGC_404:        N, 404, 17.374, 35.716, 2.3896e+06, 6.90e+00, 1.00e+00, -2, 0, 14
NBG_UGC_731:        U, 731, 17.662, 49.599, 1.1820e+07, 2.80e+00, 9.20e-01, 10, 0, 17
NBG_UGC_750:        U, 750, 17.940, -0.651, 3.2512e+07, 1.10e+00, 9.00e-01, 13, 0, 52
NBG_NGC_428:        N, 428, 18.242, 0.982, 1.4941e+07, 4.30e+00, 7.60e-01,  9, 0, 17
NBG_NGC_450:        N, 450, 18.889, -0.869, 2.2317e+07, 3.30e+00, 8.20e-01,  6, 0, 52
NBG_NGC_470:        N, 470, 19.946, 3.412, 3.0459e+07, 2.90e+00, 6.10e-01,  4, 0, 52
NBG_NGC_473:        N, 473, 19.993, 16.545, 2.9782e+07, 2.30e+00, 6.50e-01,  0, 0, 52
NBG_NGC_474:        N, 474, 20.021, 3.412, 3.2493e+07, 1.15e+01, 9.10e-01, -2, 0, 52
NBG_UGC_871:        U, 871, 20.100, 5.845, 2.8044e+07, 2.10e+00, 1.00e+00, 10, 0, 52
NBG_UGC_891:        U, 891, 20.311, 12.412, 9.4499e+06, 2.70e+00, 5.10e-01,  9, 0, 17
NBG_NGC_488:        N, 488, 20.449, 5.261, 2.9210e+07, 5.20e+00, 7.40e-01,  3, 0, 52
NBG_NGC_493:        N, 493, 20.542, 0.945, 2.9866e+07, 3.40e+00, 4.10e-01,  5, 0, 52
NBG_NGC_514:        N, 514, 21.013, 12.927, 3.2379e+07, 3.80e+00, 7.50e-01,  5, 0, 52
NBG_NGC_520:        N, 520, 21.147, 3.793, 2.7786e+07, 3.90e+00, 4.40e-01, 13, 0, 52
NBG_NGC_524:        N, 524, 21.207, 9.543, 3.2101e+07, 3.20e+00, 9.80e-01, -2, 0, 52
NBG_TULLY_86:       T, 86, 21.555, -6.074, 2.4603e+07, 2.10e+00, 1.60e-01, 3, 0, 52
NBG_UGC_1072:       U, 1072, 22.438, -1.242, 1.0633e+07, 1.70e+00, 6.60e-01, -2, 0, 17
NBG_NGC_578:        N, 578, 22.596, -22.676, 1.9492e+07, 5.00e+00, 7.10e-01,  5, 0, 52
NBG_NGC_584:        N, 584, 22.828, -6.876, 2.3407e+07, 3.50e+00, 6.30e-01, -5, 0, 52
NBG_UGC_1102:       U, 1102, 23.149, 4.590, 2.5495e+07, 1.70e+00, 8.90e-01, 13, 0, 52
NBG_NGC_596:        N, 596, 23.227, -7.027, 2.3754e+07, 3.20e+00, 6.30e-01, -5, 0, 52
NBG_NGC_600:        N, 600, 23.277, -7.310, 2.2860e+07, 4.50e+00, 1.00e+00,  7, 1, 52
NBG_NGC_613:        N, 613, 23.578, -29.411, 1.7473e+07, 4.90e+00, 8.40e-01,  4, 1, 52
NBG_UGC_1133:       U, 1133, 23.799, 4.372, 2.5234e+07, 3.30e+00, 5.30e-01, 10, 0, 52
NBG_NGC_615:        N, 615, 23.776, -7.345, 2.3117e+07, 3.40e+00, 3.40e-01,  3, 0, 52
NBG_NGC_625:        N, 625, 23.767, -41.411, 3.8781e+06, 3.90e+00, 3.10e-01,  9, 1, 14
NBG_NGC_628:        N, 628, 24.172, 15.788, 9.7293e+06, 7.30e+00, 1.00e+00,  5, 0, 17
NBG_NGC_636:        N, 636, 24.775, -7.513, 2.4136e+07, 2.20e+00, 8.30e-01, -5, 0, 52
NBG_UGC_1176:       U, 1176, 25.049, 15.903, 9.2466e+06, 4.60e+00, 8.20e-01, 10, 0, 17
NBG_UGC_1195:       U, 1195, 25.595, 13.968, 1.0775e+07, 2.70e+00, 3.60e-01, 10, 0, 17
NBG_UGC_1197:       U, 1197, 25.630, 18.302, 3.6858e+07, 1.60e+00, 3.40e-01, 10, 0, 52
NBG_NGC_660:        N, 660, 25.744, 13.635, 1.1841e+07, 5.80e+00, 3.30e-01,  1, 1, 17
NBG_TULLY_104:      T, 104, 25.834, 19.985, 7.9800e+06, 2.40e+00, 2.90e-01, 10, 0, 17
NBG_TULLY_105:      T, 105, 26.249, -43.583, 3.6249e+06, 4.10e+00, 9.60e-01, 10, 0, 14
NBG_UGC_1249:       U, 1249, 26.880, 27.332, 6.4265e+06, 6.20e+00, 4.20e-01,  9, 1, 17
NBG_TULLY_107:      T, 107, 26.636, -58.667, 2.6057e+07, 2.00e+00, 9.20e-01, 10, 0, 50
NBG_NGC_672:        N, 672, 26.955, 27.432, 7.4498e+06, 5.60e+00, 4.30e-01,  6, 1, 17
NBG_NGC_685:        N, 685, 26.950, -52.785, 1.5228e+07, 3.80e+00, 9.00e-01,  5, 0, 53
NBG_TULLY_110:      T, 110, 27.113, -12.385, 1.9759e+07, 3.00e+00, 8.20e-01, 3, 0, 52
NBG_NGC_676:        N, 676, 27.228, 5.898, 1.9497e+07, 3.80e+00, 4.00e-01,  0, 0, 52
NBG_UGC_1276:       U, 1276, 27.313, 20.698, 3.6312e+07, 1.80e+00, 4.90e-01,  8, 1, 52
NBG_TULLY_113:      T, 113, 27.293, -10.069, 2.4569e+07, 2.50e+00, 8.60e-01, 3, 0, 52
NBG_NGC_681:        N, 681, 27.292, -10.435, 2.1515e+07, 2.80e+00, 6.60e-01,  2, 0, 52
NBG_UGC_1281:       U, 1281, 27.396, 32.581, 4.5695e+06, 3.30e+00, 2.50e-01,  8, 0, 17
NBG_TULLY_116:      T, 116, 27.412, -12.819, 2.0963e+07, 1.80e+00, 8.60e-01, 10, 0, 52
NBG_NGC_691:        N, 691, 27.666, 21.747, 3.5238e+07, 3.50e+00, 7.40e-01,  5, 0, 52
NBG_NGC_701:        N, 701, 27.768, -9.703, 2.2669e+07, 2.40e+00, 4.80e-01,  5, 1, 52
NBG_NGC_720:        N, 720, 28.258, -13.737, 2.0211e+07, 4.00e+00, 6.40e-01, -5, 0, 52
NBG_NGC_718:        N, 718, 28.300, 4.196, 2.1437e+07, 2.50e+00, 8.60e-01,  1, 0, 52
NBG_TULLY_121:      T, 121, 29.053, 5.594, 1.0791e+07, 4.00e-01, 1.00e+00, 14, 0, 17
NBG_NGC_755:        N, 755, 29.094, -9.073, 2.0140e+07, 2.80e+00, 3.00e-01,  3, 1, 52
NBG_TULLY_123:      T, 123, 29.287, -11.790, 2.2765e+07, 2.10e+00, 2.30e-01, 3, 0, 52
NBG_NGC_746:        N, 746, 29.475, 44.927, 1.2309e+07, 2.30e+00, 7.50e-01, 10, 1, 17
NBG_NGC_770:        N, 770, 29.812, 18.959, 3.2348e+07, 1.20e+00, 7.50e-01,  1, 1, 52
NBG_NGC_772:        N, 772, 29.838, 19.009, 3.2653e+07, 6.70e+00, 6.60e-01,  3, 0, 52
NBG_NGC_779:        N, 779, 29.926, -5.958, 1.7321e+07, 3.20e+00, 2.50e-01,  3, 0, 52
NBG_NGC_784:        N, 784, 30.317, 28.824, 4.6915e+06, 4.90e+00, 3.00e-01,  8, 0, 17
NBG_UGC_1546:       U, 1546, 30.838, 18.640, 3.1231e+07, 1.40e+00, 1.00e+00,  5, 0, 52
NBG_UGC_1547:       U, 1547, 30.848, 22.040, 3.5052e+07, 2.30e+00, 9.20e-01, 10, 1, 52
NBG_UGC_1551:       U, 1551, 30.904, 24.073, 3.5528e+07, 2.70e+00, 5.30e-01,  8, 1, 52
NBG_NGC_803:        N, 803, 30.931, 16.040, 2.7650e+07, 2.90e+00, 5.00e-01,  5, 0, 52
NBG_UGC_1561:       U, 1561, 31.029, 24.206, 9.2898e+06, 1.60e+00, 7.00e-01, 10, 0, 17
NBG_TULLY_134:      T, 134, 31.125, -6.178, 1.6870e+07, 2.70e+00, 5.10e-01, 3, 0, 52
NBG_NGC_821:        N, 821, 32.094, 11.003, 2.3218e+07, 3.40e+00, 6.80e-01, -5, 0, 52
NBG_UGC_1670:       U, 1670, 32.708, 6.752, 2.0680e+07, 2.50e+00, 1.00e+00,  9, 0, 52
NBG_NGC_864:        N, 864, 33.857, 5.999, 2.0006e+07, 4.30e+00, 7.50e-01,  5, 0, 52
NBG_UGC_1807:       U, 1807, 35.287, 42.762, 1.0882e+07, 2.60e+00, 1.00e+00, 10, 0, 17
NBG_NGC_895:        N, 895, 35.425, -5.522, 2.8469e+07, 3.60e+00, 7.20e-01,  6, 0, 51
NBG_NGC_891:        N, 891, 35.611, 42.344, 9.5546e+06, 9.50e+00, 2.50e-01,  3, 0, 17
NBG_NGC_899:        N, 899, 35.479, -20.806, 1.8597e+07, 1.50e+00, 7.80e-01, 10, 0, 52
NBG_TULLY_142:      T, 142, 35.505, -20.739, 1.8818e+07, 1.10e+00, 6.20e-01, 3, 0, 52
NBG_UGC_1839:       U, 1839, 35.639, -0.623, 1.9128e+07, 2.00e+00, 1.60e-01,  8, 0, 52
NBG_NGC_907:        N, 907, 35.754, -20.707, 2.0543e+07, 1.50e+00, 3.60e-01,  7, 1, 52
NBG_NGC_908:        N, 908, 35.778, -21.223, 1.7842e+07, 5.10e+00, 4.40e-01,  5, 0, 52
NBG_UGC_1865:       U, 1865, 36.234, 36.042, 9.8311e+06, 3.30e+00, 8.20e-01,  9, 0, 17
NBG_NGC_918:        N, 918, 36.470, 18.491, 2.0360e+07, 3.40e+00, 6.20e-01,  5, 0, 52
NBG_TULLY_148:      T, 148, 36.501, -21.425, 1.8387e+07, 1.80e+00, 8.60e-01, 3, 0, 52
NBG_TULLY_149:      T, 149, 36.587, -9.826, 2.5730e+07, 2.60e+00, 3.30e-01, 3, 0, 51
NBG_TULLY_150:      T, 150, 36.616, -24.292, 1.7723e+07, 2.50e+00, 5.00e-01, 3, 0, 52
NBG_NGC_925:        N, 925, 36.825, 33.591, 9.3408e+06, 1.08e+01, 6.50e-01,  7, 0, 17
NBG_NGC_936:        N, 936, 36.912, -1.160, 1.6971e+07, 6.00e+00, 8.10e-01, -2, 1, 52
NBG_NGC_941:        N, 941, 37.137, -1.144, 2.0328e+07, 3.10e+00, 7.70e-01,  6, 0, 52
NBG_NGC_949:        N, 949, 37.718, 37.138, 1.0269e+07, 3.30e+00, 6.70e-01,  7, 0, 17
NBG_NGC_955:        N, 955, 37.637, -1.112, 1.9187e+07, 2.50e+00, 3.40e-01,  3, 0, 52
NBG_TULLY_156:      T, 156, 37.679, -3.795, 2.0185e+07, 3.30e+00, 1.00e+00, 3, 0, 52
NBG_NGC_959:        N, 959, 38.087, 35.504, 1.0098e+07, 2.40e+00, 6.10e-01,  9, 0, 17
NBG_UGC_2014:       U, 2014, 38.227, 38.686, 9.8407e+06, 2.20e+00, 5.70e-01, 10, 0, 17
NBG_UGC_2017:       U, 2017, 38.209, 28.836, 1.4803e+07, 2.50e+00, 8.20e-01, 10, 0, 17
NBG_UGC_2023:       U, 2023, 38.328, 33.503, 1.0030e+07, 3.00e+00, 9.40e-01, 10, 0, 17
NBG_UGC_2034:       U, 2034, 38.437, 40.536, 1.0172e+07, 3.30e+00, 8.70e-01, 10, 0, 17
NBG_NGC_972:        N, 972, 38.562, 29.319, 2.1411e+07, 3.60e+00, 5.00e-01,  2, 0, 52
NBG_UGC_2053:       U, 2053, 38.614, 29.752, 1.5124e+07, 2.20e+00, 6.00e-01, 10, 0, 17
NBG_NGC_986:        N, 986, 38.401, -39.031, 2.3188e+07, 3.20e+00, 7.90e-01,  2, 1, 51
NBG_TULLY_165:      T, 165, 39.086, 59.651, 3.6014e+06, 2.40e+00, 8.40e-01, -5, 0, 14
NBG_NGC_988:        N, 988, 38.837, -9.366, 1.8325e+07, 3.40e+00, 4.60e-01,  5, 1, 52
NBG_NGC_991:        N, 991, 38.894, -7.149, 1.8833e+07, 3.10e+00, 9.00e-01,  5, 0, 52
NBG_UGC_2080:       U, 2080, 39.106, 38.967, 1.4197e+07, 5.60e+00, 9.70e-01,  6, 0, 17
NBG_UGC_2082:       U, 2082, 39.073, 25.434, 1.0755e+07, 4.40e+00, 2.10e-01,  5, 0, 17
NBG_NGC_1015:       N, 1015, 39.536, -1.318, 3.3061e+07, 3.10e+00, 1.00e+00,  1, 1, 51
NBG_NGC_1022:       N, 1022, 39.645, -6.668, 1.8432e+07, 2.50e+00, 9.10e-01,  1, 1, 52
NBG_NGC_1003:       N, 1003, 39.818, 40.882, 1.0671e+07, 5.60e+00, 4.70e-01,  6, 0, 17
NBG_NGC_1012:       N, 1012, 39.818, 30.148, 1.4469e+07, 3.00e+00, 5.50e-01, 13, 0, 17
NBG_TULLY_174:      T, 174, 39.442, -61.334, 4.4922e+06, 4.60e+00, 1.60e-01, 10, 0, 14
NBG_TULLY_175:      T, 175, 39.773, -27.452, 1.6422e+07, 1.90e+00, 7.40e-01, -2, 0, 51
NBG_NGC_1035:       N, 1035, 39.890, -8.119, 1.5050e+07, 1.70e+00, 2.50e-01,  5, 0, 52
NBG_NGC_1023:       N, 1023, 40.109, 39.064, 1.0480e+07, 6.50e+00, 4.00e-01, -2, 1, 17
NBG_NGC_1036:       N, 1036, 40.128, 19.297, 1.1221e+07, 1.70e+00, 7.20e-01, 13, 0, 17
NBG_UGC_2162:       U, 2162, 40.094, 1.231, 1.5010e+07, 2.00e+00, 1.00e+00, 10, 0, 52
NBG_NGC_1042:       N, 1042, 40.089, -8.436, 1.6690e+07, 4.30e+00, 8.80e-01,  6, 0, 52
NBG_TULLY_182:      T, 182, 40.146, -6.103, 1.6311e+07, 1.90e+00, 9.00e-01, 10, 0, 52
NBG_TULLY_183:      T, 183, 40.469, 59.597, 3.4000e+06, 4.00e+00, 1.00e+00, 3, 0, 14
NBG_NGC_1051:       N, 1051, 40.269, -6.937, 1.5866e+07, 2.10e+00, 8.70e-01,  9, 1, 52
NBG_NGC_1052:       N, 1052, 40.264, -8.253, 1.7714e+07, 2.50e+00, 5.90e-01, -5, 0, 52
NBG_NGC_1055:       N, 1055, 40.442, 0.430, 1.2640e+07, 6.10e+00, 4.80e-01,  3, 0, 52
NBG_NGC_1068:       N, 1068, 40.665, -0.021, 1.4404e+07, 7.90e+00, 9.00e-01,  3, 0, 52
NBG_NGC_1058:       N, 1058, 40.828, 37.345, 9.0802e+06, 3.70e+00, 9.80e-01,  5, 0, 17
NBG_NGC_1073:       N, 1073, 40.920, 1.378, 1.5191e+07, 5.10e+00, 1.00e+00,  5, 1, 52
NBG_NGC_1079:       N, 1079, 40.940, -29.005, 1.6829e+07, 5.00e+00, 7.10e-01,  0, 0, 51
NBG_NGC_1084:       N, 1084, 41.491, -7.574, 1.7158e+07, 3.00e+00, 5.40e-01,  5, 0, 52
NBG_NGC_1087:       N, 1087, 41.614, -0.508, 1.8979e+07, 3.30e+00, 5.30e-01,  5, 0, 52
NBG_NGC_1090:       N, 1090, 41.640, -0.241, 3.4882e+07, 2.90e+00, 5.00e-01,  5, 1, 51
NBG_NGC_1097:       N, 1097, 41.608, -30.274, 1.4544e+07, 8.90e+00, 6.20e-01,  3, 1, 51
NBG_UGC_2259:       U, 2259, 41.982, 37.541, 9.9438e+06, 2.80e+00, 8.00e-01,  8, 1, 17
NBG_UGC_2275:       U, 2275, 42.003, 3.891, 1.3111e+07, 5.70e+00, 1.00e+00,  9, 0, 52
NBG_UGC_2302:       U, 2302, 42.297, 2.140, 1.3998e+07, 5.80e+00, 1.00e+00,  9, 0, 52
NBG_NGC_1110:       N, 1110, 42.315, -7.843, 1.6278e+07, 2.10e+00, 2.30e-01, 10, 0, 52
NBG_TULLY_199:      T, 199, 42.332, -2.643, 1.3515e+07, 1.50e+00, 1.00e+00, 10, 0, 52
NBG_TULLY_200:      T, 200, 42.780, 4.455, 1.2605e+07, 5.00e-01, 6.00e-01, 10, 0, 52
NBG_UGC_2345:       U, 2345, 42.962, -1.145, 1.8749e+07, 4.10e+00, 8.00e-01,  9, 1, 52
NBG_NGC_1140:       N, 1140, 43.657, -10.031, 1.8244e+07, 1.50e+00, 5.70e-01, 10, 0, 52
NBG_NGC_1145:       N, 1145, 43.651, -18.631, 2.3651e+07, 2.40e+00, 1.70e-01,  5, 0, 51
NBG_UGC_2411:       U, 2411, 44.747, 75.750, 3.7821e+07, 4.10e+00, 9.00e-02,  9, 0, 42
NBG_TULLY_205:      T, 205, 44.482, -2.350, 1.9141e+07, 2.90e+00, 6.60e-01, 3, 0, 52
NBG_TULLY_206:      T, 206, 44.218, -54.566, 5.3796e+06, 4.80e+00, 1.70e-01, 3, 0, 14
NBG_NGC_1156:       N, 1156, 44.932, 25.232, 6.3961e+06, 3.80e+00, 8.30e-01, 10, 1, 17
NBG_UGC_2459:       U, 2459, 45.141, 49.064, 3.4690e+07, 2.70e+00, 2.20e-01,  8, 0, 18
NBG_UGC_2460:       U, 2460, 44.950, 2.765, 3.4178e+07, 1.80e+00, 1.00e+00,  4, 1, 51
NBG_UGC_2463:       U, 2463, 45.156, 40.248, 2.6815e+07, 2.90e+00, 7.00e-01,  9, 0, 18
NBG_NGC_1172:       N, 1172, 45.413, -14.837, 1.8236e+07, 2.10e+00, 9.10e-01, -5, 0, 51
NBG_NGC_1169:       N, 1169, 45.873, 46.395, 3.3711e+07, 5.40e+00, 6.10e-01,  3, 0, 18
NBG_NGC_1179:       N, 1179, 45.647, -18.904, 2.1205e+07, 5.00e+00, 7.10e-01,  6, 0, 51
NBG_NGC_1187:       N, 1187, 45.657, -22.871, 1.6202e+07, 5.20e+00, 8.60e-01,  5, 1, 51
NBG_NGC_1171:       N, 1171, 46.003, 43.395, 3.7822e+07, 3.10e+00, 4.80e-01,  5, 0, 18
NBG_NGC_1199:       N, 1199, 45.910, -15.622, 3.1561e+07, 2.10e+00, 8.60e-01, -5, 0, 51
NBG_NGC_1201:       N, 1201, 46.043, -26.072, 2.0260e+07, 2.70e+00, 6.10e-01, -2, 0, 51
NBG_UGC_2531:       U, 2531, 46.548, 42.376, 3.7410e+07, 4.60e+00, 5.30e-01,  8, 0, 18
NBG_NGC_1209:       N, 1209, 46.509, -15.607, 3.2911e+07, 2.30e+00, 5.80e-01, -5, 0, 51
NBG_TULLY_220:      T, 220, 46.765, -14.025, 1.8333e+07, 1.30e+00, 1.00e+00, 10, 0, 51
NBG_TULLY_221:      T, 221, 47.129, -23.060, 3.5229e+07, 1.60e+00, 5.70e-01, 10, 0, 51
NBG_NGC_1222:       N, 1222, 47.230, -2.960, 3.1070e+07, 1.10e+00, 8.80e-01, 13, 0, 51
NBG_NGC_1232:       N, 1232, 47.439, -20.577, 1.9991e+07, 6.90e+00, 7.90e-01,  5, 0, 51
NBG_TULLY_224:      T, 224, 47.513, -20.594, 2.1149e+07, 1.00e+00, 9.10e-01, 3, 0, 51
NBG_TULLY_225:      T, 225, 47.412, -41.011, 1.0120e+07, 4.00e+00, 5.00e-01, 3, 0, 53
NBG_TULLY_226:      T, 226, 47.581, -22.395, 1.5345e+07, 2.30e+00, 1.70e-01, 3, 0, 51
NBG_TULLY_227:      T, 227, 47.631, -33.145, 1.2594e+07, 1.60e+00, 1.40e-01, 10, 0, 51
NBG_NGC_1249:       N, 1249, 47.515, -53.345, 1.0683e+07, 4.70e+00, 5.70e-01,  6, 1, 53
NBG_NGC_1241:       N, 1241, 47.808, -8.929, 2.6616e+07, 3.40e+00, 6.70e-01,  3, 1, 51
NBG_TULLY_230:      T, 230, 48.221, -5.247, 2.7874e+07, 0.00e+00, 0.00e+00, 14, 0, 51
NBG_NGC_1255:       N, 1255, 48.390, -25.731, 1.9947e+07, 3.20e+00, 6.10e-01,  4, 0, 51
NBG_NGC_1253:       N, 1253, 48.530, -2.815, 2.1118e+07, 4.60e+00, 4.90e-01,  6, 1, 52
NBG_TULLY_233:      T, 233, 48.443, -25.181, 2.0322e+07, 3.20e+00, 3.00e-01, 10, 0, 51
NBG_TULLY_234:      T, 234, 48.266, -57.364, 1.2310e+07, 2.80e+00, 3.60e-01, 10, 0, 53
NBG_TULLY_235:      T, 235, 48.673, -4.782, 2.7566e+07, 2.10e+00, 8.30e-01, 10, 0, 51
NBG_UGC_2620:       U, 2620, 50.104, 80.249, 3.4143e+07, 2.60e+00, 8.00e-01,  9, 0, 42
NBG_TULLY_237:      T, 237, 49.046, -24.200, 2.4766e+07, 1.60e+00, 8.50e-01, 10, 0, 51
NBG_TULLY_238:      T, 238, 49.329, 3.616, 1.1283e+07, 6.00e-01, 5.80e-01, -5, 0, 52
NBG_TULLY_239:      T, 239, 49.215, -35.517, 1.8033e+07, 2.80e+00, 5.80e-01, 3, 0, 51
NBG_NGC_1291:       N, 1291, 49.331, -41.134, 8.6308e+06, 1.08e+01, 9.10e-01,  0, 1, 53
NBG_NGC_1292:       N, 1292, 49.530, -27.618, 1.5742e+07, 2.30e+00, 4.30e-01,  5, 0, 51
NBG_TULLY_242:      T, 242, 49.638, -25.835, 2.1253e+07, 2.30e+00, 3.60e-01, 3, 0, 51
NBG_TULLY_243:      T, 243, 49.697, -23.786, 1.7885e+07, 1.90e+00, 1.00e+00, 10, 0, 51
NBG_NGC_1282:       N, 1282, 50.052, 41.364, 3.0754e+07, 1.70e+00, 8.00e-01, -5, 0, 18
NBG_NGC_1297:       N, 1297, 49.817, -19.103, 1.8314e+07, 1.90e+00, 9.10e-01, -5, 0, 51
NBG_NGC_1300:       N, 1300, 49.941, -19.403, 1.8729e+07, 6.50e+00, 7.80e-01,  4, 1, 51
NBG_UGC_2684:       U, 2684, 50.106, 17.296, 5.5552e+06, 1.90e+00, 5.30e-01, 10, 0, 17
NBG_TULLY_248:      T, 248, 49.905, -32.470, 1.4521e+07, 1.40e+00, 1.30e-01, 3, 0, 51
NBG_NGC_1313:       N, 1313, 49.577, -66.503, 3.7202e+06, 8.80e+00, 8.20e-01,  7, 1, 14
NBG_NGC_1302:       N, 1302, 49.961, -26.053, 2.0031e+07, 3.60e+00, 8.70e-01,  0, 1, 51
NBG_TULLY_251:      T, 251, 49.865, -49.603, 1.1058e+07, 3.70e+00, 5.50e-01, 3, 0, 53
NBG_NGC_1311:       N, 1311, 50.016, -52.187, 5.1439e+06, 2.10e+00, 2.90e-01,  9, 0, 14
NBG_NGC_1310:       N, 1310, 50.254, -37.138, 1.7137e+07, 1.60e+00, 5.00e-01,  5, 0, 51
NBG_NGC_1309:       N, 1309, 50.531, -15.405, 2.5963e+07, 2.90e+00, 1.00e+00,  4, 0, 51
NBG_TULLY_255:      T, 255, 50.723, -11.206, 3.4713e+07, 2.40e+00, 8.50e-01, 3, 0, 51
NBG_NGC_1316:       N, 1316, 50.677, -37.206, 1.7199e+07, 5.20e+00, 6.80e-01, -2, 0, 51
NBG_NGC_1317:       N, 1317, 50.703, -37.106, 1.7478e+07, 3.00e+00, 8.30e-01,  0, 0, 51
NBG_NGC_1315:       N, 1315, 50.781, -21.373, 1.8014e+07, 1.60e+00, 9.40e-01, -2, 1, 51
NBG_TULLY_259:      T, 259, 50.938, -19.773, 2.1931e+07, 1.80e+00, 7.80e-01, 3, 0, 51
NBG_TULLY_260:      T, 260, 51.763, 72.841, 3.1498e+07, 2.20e+00, 2.80e-01, 10, 0, 42
NBG_NGC_1326:       N, 1326, 50.981, -36.457, 1.6730e+07, 3.50e+00, 6.70e-01, -2, 1, 51
NBG_UGC_2729:       U, 2729, 51.740, 68.575, 2.9445e+07, 5.00e+00, 7.40e-01, 12, 0, 12
NBG_NGC_1320:       N, 1320, 51.204, -3.024, 3.7659e+07, 1.20e+00, 3.10e-01,  2, 0, 51
NBG_NGC_1325:       N, 1325, 51.130, -21.508, 1.7863e+07, 4.30e+00, 3.60e-01,  4, 0, 51
NBG_TULLY_265:      T, 265, 51.206, -21.341, 1.7510e+07, 2.20e+00, 1.00e+00, 3, 0, 51
NBG_TULLY_266:      T, 266, 51.227, -37.025, 1.7603e+07, 9.00e-01, 5.00e-01, -2, 0, 51
NBG_TULLY_267:      T, 267, 51.256, -36.341, 1.7364e+07, 2.10e+00, 9.60e-01, 3, 0, 51
NBG_TULLY_268:      T, 268, 51.377, -16.225, 2.2620e+07, 1.80e+00, 1.90e-01, 3, 0, 51
NBG_TULLY_269:      T, 269, 51.331, -36.358, 1.6297e+07, 2.80e+00, 3.30e-01, 3, 0, 51
NBG_NGC_1332:       N, 1332, 51.580, -21.343, 1.7714e+07, 1.30e+00, 2.90e-01, -2, 0, 51
NBG_NGC_1331:       N, 1331, 51.630, -21.359, 1.7420e+07, 1.20e+00, 1.00e+00, -5, 0, 51
NBG_TULLY_272:      T, 272, 51.429, -52.776, 1.1481e+07, 1.80e+00, 5.60e-01, 3, 0, 53
NBG_NGC_1337:       N, 1337, 52.033, -8.394, 1.4921e+07, 3.90e+00, 3.60e-01,  6, 0, 52
NBG_TULLY_274:      T, 274, 52.047, -17.428, 2.1989e+07, 1.20e+00, 4.00e-01, -5, 0, 51
NBG_NGC_1339:       N, 1339, 52.027, -32.294, 1.4623e+07, 1.80e+00, 7.70e-01, -5, 0, 51
NBG_NGC_1341:       N, 1341, 51.999, -37.144, 1.7374e+07, 1.40e+00, 1.00e+00,  5, 1, 51
NBG_NGC_1344:       N, 1344, 52.083, -31.078, 1.3831e+07, 3.60e+00, 7.00e-01, -5, 0, 51
NBG_NGC_1345:       N, 1345, 52.345, -17.796, 1.8036e+07, 2.30e+00, 7.60e-01, 12, 0, 51
NBG_UGC_2765:       U, 2765, 52.994, 68.370, 2.6100e+07, 5.00e+00, 4.40e-01, 12, 0, 12
NBG_TULLY_280:      T, 280, 52.381, -15.229, 2.2696e+07, 2.20e+00, 9.20e-01, 3, 0, 51
NBG_NGC_1351:       N, 1351, 52.637, -34.863, 1.6935e+07, 2.20e+00, 5.00e-01, -5, 0, 51
NBG_NGC_1350:       N, 1350, 52.768, -33.614, 1.7260e+07, 4.40e+00, 5.40e-01,  2, 1, 51
NBG_NGC_1353:       N, 1353, 53.031, -20.798, 1.7845e+07, 3.00e+00, 4.30e-01,  3, 0, 51
NBG_TULLY_284:      T, 284, 53.069, -17.715, 2.3537e+07, 2.10e+00, 5.00e-01, 10, 0, 51
NBG_TULLY_285:      T, 285, 52.907, -51.915, 1.1631e+07, 2.40e+00, 5.10e-01, 3, 0, 53
NBG_NGC_1357:       N, 1357, 53.311, -13.666, 2.4681e+07, 2.10e+00, 6.50e-01,  1, 0, 51
NBG_NGC_1359:       N, 1359, 53.436, -19.516, 2.3743e+07, 2.30e+00, 6.70e-01,  9, 1, 51
NBG_TULLY_288:      T, 288, 53.453, -21.450, 2.2184e+07, 1.90e+00, 8.70e-01, 3, 0, 51
NBG_TULLY_289:      T, 289, 53.296, -50.416, 6.0605e+06, 2.10e+00, 2.10e-01, 3, 0, 14
NBG_NGC_1365:       N, 1365, 53.427, -36.133, 1.7029e+07, 9.80e+00, 5.30e-01,  3, 1, 51
NBG_NGC_1366:       N, 1366, 53.480, -31.200, 1.1545e+07, 1.60e+00, 3.60e-01, -2, 0, 51
NBG_NGC_1371:       N, 1371, 53.736, -24.918, 1.7051e+07, 6.20e+00, 6.70e-01,  1, 0, 51
NBG_NGC_1375:       N, 1375, 53.807, -35.268, 1.5866e+07, 1.60e+00, 3.60e-01, -2, 0, 51
NBG_NGC_1374:       N, 1374, 53.832, -35.235, 1.6644e+07, 2.00e+00, 8.70e-01, -5, 0, 51
NBG_NGC_1379:       N, 1379, 54.030, -35.452, 1.6860e+07, 2.40e+00, 1.00e+00, -5, 0, 51
NBG_NGC_1380:       N, 1380, 54.108, -34.969, 1.7273e+07, 3.40e+00, 5.60e-01, -2, 0, 51
NBG_NGC_1381:       N, 1381, 54.156, -35.303, 1.7281e+07, 1.90e+00, 2.60e-01, -2, 0, 51
NBG_TULLY_298:      T, 298, 54.123, -43.953, 1.1612e+07, 2.20e+00, 2.70e-01, 3, 0, 53
NBG_TULLY_299:      T, 299, 54.184, -34.719, 1.7123e+07, 1.60e+00, 2.70e-01, 3, 0, 51
NBG_UGC_2800:       U, 2800, 55.035, 71.395, 1.9999e+07, 3.40e+00, 5.30e-01, 10, 0, 12
NBG_NGC_1386:       N, 1386, 54.227, -36.003, 1.6093e+07, 2.40e+00, 3.80e-01, -2, 0, 51
NBG_NGC_1387:       N, 1387, 54.254, -35.520, 1.6645e+07, 2.50e+00, 1.00e+00, -2, 0, 51
NBG_TULLY_303:      T, 303, 54.256, -35.186, 1.7489e+07, 1.30e+00, 1.00e+00, -2, 0, 51
NBG_NGC_1385:       N, 1385, 54.338, -24.503, 1.7477e+07, 4.10e+00, 5.80e-01,  6, 1, 51
NBG_NGC_1389:       N, 1389, 54.303, -35.753, 1.6374e+07, 2.00e+00, 6.20e-01, -5, 0, 51
NBG_TULLY_306:      T, 306, 55.040, 66.728, 2.3805e+07, 2.10e+00, 6.20e-01, 10, 0, 12
NBG_NGC_1395:       N, 1395, 54.619, -23.021, 1.9948e+07, 3.80e+00, 9.00e-01, -5, 0, 51
NBG_NGC_1399:       N, 1399, 54.629, -35.455, 1.6853e+07, 3.30e+00, 1.00e+00, -5, 0, 51
NBG_NGC_1398:       N, 1398, 54.728, -26.338, 1.6159e+07, 7.00e+00, 7.00e-01,  2, 1, 51
NBG_NGC_1404:       N, 1404, 54.728, -35.588, 1.7284e+07, 2.70e+00, 9.40e-01, -5, 0, 51
NBG_NGC_1411:       N, 1411, 54.696, -44.088, 1.1241e+07, 2.10e+00, 7.20e-01, -2, 0, 53
NBG_NGC_1401:       N, 1401, 54.845, -22.722, 1.8321e+07, 1.90e+00, 2.90e-01, -2, 0, 51
NBG_NGC_1400:       N, 1400, 54.889, -18.689, 4.9810e+06, 2.50e+00, 8.70e-01, -2, 0, 51
NBG_NGC_1406:       N, 1406, 54.877, -31.339, 1.1818e+07, 2.40e+00, 1.90e-01,  5, 1, 51
NBG_UGC_2813:       U, 2813, 55.687, 71.309, 2.2880e+07, 2.70e+00, 4.80e-01, 10, 0, 12
NBG_NGC_1407:       N, 1407, 55.064, -18.573, 2.1625e+07, 4.30e+00, 9.10e-01, -5, 0, 51
NBG_TULLY_317:      T, 317, 55.052, -35.623, 1.7643e+07, 2.40e+00, 6.40e-01, 10, 0, 51
NBG_NGC_1415:       N, 1415, 55.246, -22.557, 1.7605e+07, 3.40e+00, 5.00e-01,  0, 0, 51
NBG_UGC_2824:       U, 2824, 56.301, 76.641, 3.7286e+07, 6.40e+00, 1.00e+00, 13, 0, 42
NBG_TULLY_320:      T, 320, 55.134, -45.357, 1.7773e+07, 1.90e+00, 7.20e-01, 10, 0, 53
NBG_NGC_1421:       N, 1421, 55.635, -13.492, 2.5477e+07, 2.50e+00, 1.80e-01,  4, 0, 51
NBG_NGC_1425:       N, 1425, 55.584, -29.892, 1.7400e+07, 5.70e+00, 4.40e-01,  3, 0, 51
NBG_NGC_1427:       N, 1427, 55.577, -35.408, 1.6997e+07, 2.00e+00, 6.40e-01, -5, 0, 51
NBG_NGC_1433:       N, 1433, 55.518, -47.225, 1.1565e+07, 5.80e+00, 9.20e-01,  1, 1, 53
NBG_NGC_1428:       N, 1428, 55.604, -35.158, 1.5348e+07, 1.20e+00, 4.70e-01, -2, 0, 51
NBG_NGC_1426:       N, 1426, 55.697, -22.109, 1.6902e+07, 2.20e+00, 6.10e-01, -5, 0, 51
NBG_TULLY_327:      T, 327, 55.772, -36.276, 1.6092e+07, 2.00e+00, 9.20e-01, 3, 0, 51
NBG_NGC_1437:       N, 1437, 55.899, -35.860, 1.6581e+07, 2.60e+00, 6.90e-01,  1, 1, 51
NBG_UGC_2847:       U, 2847, 56.713, 68.089, 3.8639e+06, 2.79e+01, 9.60e-01,  6, 0, 14
NBG_NGC_1439:       N, 1439, 56.197, -21.927, 1.9772e+07, 2.30e+00, 9.60e-01, -5, 0, 51
NBG_NGC_1440:       N, 1440, 56.264, -18.261, 1.8181e+07, 2.10e+00, 6.90e-01, -2, 0, 51
NBG_NGC_1448:       N, 1448, 56.137, -44.644, 1.2888e+07, 5.70e+00, 2.30e-01,  6, 0, 53
NBG_NGC_1452:       N, 1452, 56.337, -18.628, 2.2846e+07, 2.80e+00, 6.10e-01,  0, 1, 51
NBG_UGC_2855:       U, 2855, 57.105, 70.137, 2.0270e+07, 5.30e+00, 5.20e-01,  5, 0, 12
NBG_TULLY_335:      T, 335, 56.578, -34.929, 1.7542e+07, 3.40e+00, 2.50e-01, 3, 0, 51
NBG_NGC_1461:       N, 1461, 57.122, -16.398, 1.7147e+07, 2.30e+00, 2.00e-01, -2, 0, 51
NBG_TULLY_337:      T, 337, 55.951, -80.112, 1.9105e+07, 1.80e+00, 4.40e-01, 3, 0, 53
NBG_NGC_1473:       N, 1473, 56.855, -68.214, 1.5030e+07, 1.40e+00, 5.60e-01,  7, 1, 53
NBG_TULLY_339:      T, 339, 57.371, -26.982, 1.7768e+07, 2.70e+00, 1.40e-01, 3, 0, 51
NBG_TULLY_340:      T, 340, 57.272, -48.865, 1.0342e+07, 2.70e+00, 2.00e-01, 3, 0, 53
NBG_TULLY_341:      T, 341, 57.928, -38.451, 9.2288e+06, 1.80e+00, 9.10e-01, 10, 0, 53
NBG_TULLY_342:      T, 342, 57.455, -71.634, 1.6268e+07, 4.00e+00, 5.80e-01, 3, 0, 53
NBG_NGC_1483:       N, 1483, 58.182, -47.486, 1.2476e+07, 1.20e+00, 8.60e-01,  4, 0, 53
NBG_TULLY_344:      T, 344, 58.393, -48.987, 1.7907e+07, 1.80e+00, 7.00e-01, 10, 0, 53
NBG_TULLY_345:      T, 345, 58.518, -35.987, 1.5661e+07, 1.70e+00, 8.40e-01, -5, 0, 51
NBG_NGC_1482:       N, 1482, 58.677, -20.504, 1.9557e+07, 1.90e+00, 6.00e-01,  1, 0, 51
NBG_NGC_1487:       N, 1487, 58.948, -42.372, 8.8555e+06, 2.30e+00, 6.20e-01,  9, 0, 53
NBG_TULLY_348:      T, 348, 59.956, 67.125, 4.3749e+06, 1.50e+00, 8.90e-01, 3, 0, 14
NBG_NGC_1493:       N, 1493, 59.366, -46.207, 1.1379e+07, 3.90e+00, 1.00e+00,  6, 1, 53
NBG_NGC_1494:       N, 1494, 59.416, -48.908, 1.2202e+07, 2.80e+00, 5.50e-01,  4, 0, 53
NBG_TULLY_351:      T, 351, 59.817, -45.876, 9.4451e+06, 2.10e+00, 9.60e-01, 10, 0, 53
NBG_NGC_1511:       N, 1511, 59.879, -67.627, 1.5170e+07, 3.30e+00, 4.00e-01,  5, 0, 53
NBG_NGC_1507:       N, 1507, 61.106, -2.181, 1.0599e+07, 2.90e+00, 3.50e-01,  9, 1, 53
NBG_NGC_1510:       N, 1510, 60.885, -43.414, 1.0281e+07, 6.50e+00, 3.30e-01, -5, 0, 53
NBG_NGC_1512:       N, 1512, 60.986, -43.347, 9.5467e+06, 1.05e+01, 3.30e-01,  1, 1, 53
NBG_UGC_2953:       U, 2953, 61.927, 69.817, 1.6228e+07, 6.90e+00, 7.20e-01,  2, 0, 12
NBG_NGC_1515:       N, 1515, 61.029, -54.098, 1.3390e+07, 4.00e+00, 2.10e-01,  1, 0, 53
NBG_TULLY_358:      T, 358, 61.487, -17.783, 2.2748e+07, 2.00e+00, 3.00e-01, 10, 0, 51
NBG_NGC_1518:       N, 1518, 61.721, -21.167, 1.0465e+07, 2.80e+00, 4.80e-01,  8, 1, 53
NBG_TULLY_360:      T, 360, 61.790, -17.217, 2.2430e+07, 2.10e+00, 9.60e-01, 3, 0, 51
NBG_TULLY_361:      T, 361, 61.761, -55.318, 1.3156e+07, 1.50e+00, 6.00e-01, 10, 0, 53
NBG_NGC_1527:       N, 1527, 62.093, -47.886, 1.1036e+07, 2.90e+00, 4.20e-01, -2, 0, 53
NBG_TULLY_363:      T, 363, 62.290, -45.503, 1.6433e+07, 1.10e+00, 7.30e-01, -5, 0, 53
NBG_NGC_1533:       N, 1533, 62.473, -56.121, 1.2840e+07, 2.40e+00, 8.60e-01, -2, 1, 53
NBG_NGC_1536:       N, 1536, 62.766, -56.489, 1.3886e+07, 2.00e+00, 9.00e-01,  5, 1, 53
NBG_NGC_1531:       N, 1531, 63.005, -32.856, 1.3015e+07, 1.30e+00, 6.70e-01, -5, 0, 53
NBG_NGC_1532:       N, 1532, 63.030, -32.873, 1.3577e+07, 1.23e+01, 2.70e-01,  2, 1, 53
NBG_NGC_1537:       N, 1537, 63.412, -31.641, 1.5283e+07, 3.10e+00, 6.70e-01, -3, 0, 53
NBG_NGC_1543:       N, 1543, 63.196, -57.741, 1.3556e+07, 2.60e+00, 5.00e-01, -2, 1, 53
NBG_NGC_1546:       N, 1546, 63.645, -56.059, 1.3372e+07, 2.60e+00, 5.40e-01, -2, 0, 53
NBG_NGC_1549:       N, 1549, 63.950, -55.594, 1.3329e+07, 2.60e+00, 7.50e-01, -5, 0, 53
NBG_NGC_1553:       N, 1553, 64.047, -55.778, 1.3436e+07, 3.90e+00, 5.30e-01, -2, 0, 53
NBG_TULLY_373:      T, 373, 64.127, -60.211, 1.2276e+07, 1.80e+00, 8.50e-01, -2, 0, 53
NBG_TULLY_374:      T, 374, 64.469, -55.929, 1.3545e+07, 1.90e+00, 1.50e-01, 3, 0, 53
NBG_NGC_1559:       N, 1559, 64.402, -62.779, 1.4327e+07, 3.00e+00, 6.10e-01,  6, 1, 53
NBG_NGC_1530:       N, 1530, 65.850, 75.317, 3.6583e+07, 4.80e+00, 5.70e-01,  3, 1, 42
NBG_NGC_1566:       N, 1566, 65.006, -54.932, 1.3757e+07, 8.00e+00, 8.10e-01,  4, 0, 53
NBG_TULLY_378:      T, 378, 65.289, -21.832, 1.0081e+07, 4.90e+00, 3.80e-01, 3, 0, 53
NBG_NGC_1574:       N, 1574, 65.501, -56.967, 1.2981e+07, 3.50e+00, 8.90e-01, -2, 0, 53
NBG_TULLY_380:      T, 380, 65.554, -63.618, 1.4493e+07, 1.40e+00, 2.70e-01, 3, 0, 53
NBG_NGC_1569:       N, 1569, 67.685, 64.858, 1.6310e+06, 4.10e+00, 5.10e-01, 10, 1, 14
NBG_NGC_1596:       N, 1596, 66.899, -55.023, 1.3805e+07, 2.60e+00, 2.30e-01, -2, 0, 53
NBG_NGC_1560:       N, 1560, 68.200, 71.907, 3.0083e+06, 7.10e+00, 2.20e-01,  7, 0, 14
NBG_TULLY_384:      T, 384, 68.007, 63.607, 1.5427e+06, 2.70e+00, 5.30e-01, 10, 0, 14
NBG_NGC_1617:       N, 1617, 67.927, -54.595, 1.3179e+07, 3.40e+00, 5.00e-01,  1, 0, 53
NBG_TULLY_386:      T, 386, 68.061, -49.679, 2.1479e+07, 1.80e+00, 1.60e-01, 3, 0, 53
NBG_NGC_1625:       N, 1625, 69.275, -3.283, 3.8265e+07, 1.60e+00, 2.00e-01,  3, 1, 34
NBG_TULLY_388:      T, 388, 69.230, -52.167, 1.8847e+07, 1.40e+00, 7.20e-01, 3, 0, 53
NBG_UGC_3130:       U, 3130, 71.111, 75.644, 3.7039e+07, 2.90e+00, 6.10e-01,  3, 0, 42
NBG_NGC_1637:       N, 1637, 70.352, -2.838, 8.8595e+06, 5.00e+00, 8.20e-01,  5, 0, 53
NBG_UGC_3137:       U, 3137, 71.575, 76.425, 1.7947e+07, 3.00e+00, 2.50e-01,  3, 0, 12
NBG_NGC_1640:       N, 1640, 70.568, -20.439, 1.9061e+07, 3.20e+00, 1.00e+00,  3, 1, 51
NBG_TULLY_393:      T, 393, 70.728, -8.073, 3.1415e+07, 1.90e+00, 7.10e-01, 3, 0, 34
NBG_UGC_3144:       U, 3144, 71.940, 74.923, 2.6090e+07, 2.10e+00, 5.60e-01, 10, 1, 12
NBG_NGC_1672:       N, 1672, 71.422, -59.244, 1.4555e+07, 5.70e+00, 8.40e-01,  3, 1, 53
NBG_TULLY_396:      T, 396, 71.578, -57.345, 1.3331e+07, 1.40e+00, 1.00e+00, 10, 0, 53
NBG_UGC_3174:       U, 3174, 72.142, 0.237, 8.1762e+06, 2.00e+00, 8.20e-01, 10, 0, 53
NBG_TULLY_398:      T, 398, 72.292, -29.198, 1.6992e+07, 3.40e+00, 8.90e-01, 3, 0, 51
NBG_NGC_1688:       N, 1688, 72.110, -59.797, 1.3504e+07, 2.30e+00, 7.70e-01,  5, 1, 53
NBG_NGC_1679:       N, 1679, 72.500, -31.982, 1.1777e+07, 3.00e+00, 7.50e-01, 10, 1, 53
NBG_TULLY_401:      T, 401, 72.904, -2.567, 2.7541e+07, 7.00e-01, 4.00e-01, 10, 0, 34
NBG_UGC_3190:       U, 3190, 74.337, 78.196, 2.5465e+07, 2.00e+00, 9.50e-01,  5, 0, 12
NBG_TULLY_403:      T, 403, 72.996, -28.584, 1.6832e+07, 1.60e+00, 7.50e-01, 10, 0, 51
NBG_TULLY_404:      T, 404, 73.240, -25.235, 1.5956e+07, 5.00e+00, 7.10e-01, 3, 0, 51
NBG_TULLY_405:      T, 405, 72.872, -61.651, 1.0355e+07, 2.20e+00, 4.40e-01, 3, 0, 53
NBG_NGC_1690:       N, 1690, 73.573, 1.630, 2.7673e+07, 1.30e+00, 1.00e+00, -5, 0, 34
NBG_NGC_1703:       N, 1703, 73.208, -59.736, 1.7342e+07, 3.50e+00, 1.00e+00,  3, 1, 53
NBG_UGC_3203:       U, 3203, 74.511, 68.311, 1.4396e+07, 2.60e+00, 7.30e-01, 12, 0, 12
NBG_NGC_1705:       N, 1705, 73.556, -53.371, 5.9405e+06, 1.60e+00, 7.10e-01, -2, 0, 53
NBG_TULLY_410:      T, 410, 73.670, -62.805, 1.5905e+07, 2.20e+00, 4.10e-01, 10, 0, 53
NBG_TULLY_411:      T, 411, 73.915, -56.239, 2.0453e+07, 1.30e+00, 6.20e-01, 10, 0, 53
NBG_NGC_1744:       N, 1744, 74.984, -26.027, 7.8772e+06, 1.03e+01, 5.00e-01,  7, 1, 53
NBG_UGC_3234:       U, 3234, 75.845, 16.403, 1.8648e+07, 2.70e+00, 1.00e+00, 10, 0, 30
NBG_NGC_1796:       N, 1796, 75.676, -61.131, 1.0547e+07, 1.50e+00, 5.00e-01,  5, 1, 53
NBG_TULLY_415:      T, 415, 76.199, 1.818, 3.9297e+07, 0.00e+00, 0.00e+00, 14, 0, 34
NBG_NGC_1809:       N, 1809, 75.516, -69.564, 1.4695e+07, 2.80e+00, 3.80e-01, 12, 0, 53
NBG_NGC_1784:       N, 1784, 76.359, -11.883, 2.8696e+07, 3.60e+00, 6.40e-01,  5, 1, 34
NBG_NGC_1792:       N, 1792, 76.329, -37.983, 1.3596e+07, 5.30e+00, 5.00e-01,  4, 0, 53
NBG_NGC_1800:       N, 1800, 76.597, -31.951, 7.4632e+06, 1.90e+00, 5.00e-01, -2, 0, 53
NBG_TULLY_420:      T, 420, 76.861, -16.285, 2.4895e+07, 2.20e+00, 5.40e-01, 3, 0, 34
NBG_NGC_1808:       N, 1808, 76.932, -37.519, 1.0872e+07, 7.10e+00, 7.00e-01,  0, 0, 53
NBG_NGC_1824:       N, 1824, 76.726, -59.719, 1.3948e+07, 2.30e+00, 2.50e-01,  9, 1, 53
NBG_TULLY_423:      T, 423, 77.051, -38.303, 1.1131e+07, 4.10e+00, 8.20e-01, 10, 0, 53
NBG_TULLY_424:      T, 424, 77.296, -9.254, 3.3657e+07, 1.50e+00, 5.00e-01, 10, 0, 34
NBG_TULLY_425:      T, 425, 76.933, -62.987, 1.6624e+07, 2.00e+00, 8.00e-01, 10, 0, 53
NBG_TULLY_426:      T, 426, 77.703, -2.689, 3.5800e+07, 9.00e-01, 7.40e-01, 14, 0, 34
NBG_NGC_1827:       N, 1827, 77.536, -36.972, 1.1585e+07, 2.00e+00, 2.00e-01,  6, 0, 53
NBG_TULLY_428:      T, 428, 77.673, -31.606, 1.0792e+07, 2.70e+00, 9.10e-01, 3, 0, 53
NBG_TULLY_429:      T, 429, 77.919, -14.824, 2.4140e+07, 2.90e+00, 8.10e-01, 3, 0, 34
NBG_TULLY_430:      T, 430, 78.565, 62.575, 4.4933e+06, 6.20e+00, 6.70e-01, 10, 0, 14
NBG_NGC_1832:       N, 1832, 78.014, -15.691, 2.3472e+07, 2.40e+00, 5.70e-01,  4, 1, 34
NBG_TULLY_432:      T, 432, 77.989, -32.974, 1.0195e+07, 3.80e+00, 9.00e-01, 10, 0, 53
NBG_NGC_1853:       N, 1853, 78.065, -57.392, 1.5590e+07, 1.50e+00, 3.50e-01,  7, 0, 53
NBG_NGC_1843:       N, 1843, 78.514, -10.626, 3.2563e+07, 2.20e+00, 9.50e-01,  7, 0, 34
NBG_TULLY_435:      T, 435, 78.804, -30.545, 1.7194e+07, 2.30e+00, 2.90e-01, 3, 0, 51
NBG_UGC_3273:       U, 3273, 79.435, 53.553, 1.1471e+07, 3.70e+00, 3.50e-01,  9, 0, 15
NBG_TULLY_437:      T, 437, 79.184, -37.113, 1.5332e+07, 3.60e+00, 1.50e-01, 3, 0, 53
NBG_TULLY_438:      T, 438, 79.757, -21.549, 2.2216e+07, 2.00e+00, 7.20e-01, 10, 0, 34
NBG_NGC_1892:       N, 1892, 79.279, -64.965, 1.5424e+07, 2.10e+00, 3.00e-01,  3, 0, 53
NBG_NGC_1879:       N, 1879, 79.943, -32.150, 1.4278e+07, 2.20e+00, 6.70e-01, 10, 0, 53
NBG_TULLY_441:      T, 441, 80.309, -36.969, 1.4736e+07, 1.80e+00, 2.90e-01, 3, 0, 53
NBG_NGC_1888:       N, 1888, 80.635, -11.503, 2.8636e+07, 2.90e+00, 3.30e-01,  5, 1, 34
NBG_NGC_1889:       N, 1889, 80.660, -11.503, 3.0721e+07, 8.00e-01, 8.80e-01, -5, 0, 34
NBG_UGC_3303:       U, 3303, 81.237, 4.511, 6.6174e+06, 4.10e+00, 7.70e-01,  9, 0, 53
NBG_TULLY_446:      T, 446, 82.036, -16.093, 2.6654e+07, 1.90e+00, 1.00e+00, 3, 0, 34
NBG_NGC_1947:       N, 1947, 81.706, -63.760, 1.2140e+07, 3.40e+00, 9.10e-01, -2, 0, 53
NBG_UGC_3317:       U, 3317, 83.384, 73.719, 2.1080e+07, 2.50e+00, 1.00e+00, 10, 0, 12
NBG_NGC_1954:       N, 1954, 83.196, -14.049, 3.9266e+07, 3.80e+00, 4.40e-01,  5, 1, 34
NBG_NGC_1964:       N, 1964, 83.329, -21.950, 2.0035e+07, 5.10e+00, 4.40e-01,  3, 0, 34
NBG_NGC_1963:       N, 1963, 83.337, -36.417, 1.5128e+07, 2.10e+00, 2.10e-01,  5, 0, 53
NBG_TULLY_452:      T, 452, 84.109, -52.187, 1.4290e+07, 1.60e+00, 8.00e-01, 10, 0, 53
NBG_TULLY_453:      T, 453, 84.986, -58.592, 1.5144e+07, 1.90e+00, 7.50e-01, 3, 0, 53
NBG_TULLY_454:      T, 454, 85.266, -35.709, 1.4578e+07, 3.00e+00, 7.50e-01, 3, 0, 53
NBG_TULLY_455:      T, 455, 85.473, -22.943, 2.0903e+07, 1.70e+00, 2.50e-01, 10, 0, 34
NBG_NGC_2082:       N, 2082, 85.464, -64.294, 1.2012e+07, 1.40e+00, 9.40e-01,  4, 1, 53
NBG_TULLY_457:      T, 457, 85.993, -19.296, 3.4039e+07, 1.60e+00, 3.50e-01, 3, 0, 34
NBG_TULLY_458:      T, 458, 85.776, -52.695, 1.1836e+07, 1.60e+00, 7.00e-01, 10, 0, 53
NBG_NGC_2090:       N, 2090, 86.751, -34.233, 1.0188e+07, 6.00e+00, 5.60e-01,  5, 0, 53
NBG_NGC_2101:       N, 2101, 86.609, -52.083, 1.3259e+07, 1.80e+00, 5.80e-01, 10, 0, 53
NBG_NGC_2104:       N, 2104, 86.766, -51.550, 1.2714e+07, 1.80e+00, 4.40e-01,  4, 0, 53
NBG_TULLY_462:      T, 462, 87.742, -14.771, 1.0678e+07, 3.20e+00, 8.80e-01, 3, 0, 53
NBG_UGC_3371:       U, 3371, 89.176, 75.308, 1.5644e+07, 4.90e+00, 8.20e-01, 10, 0, 12
NBG_TULLY_464:      T, 464, 88.251, -17.857, 3.8932e+07, 3.00e+00, 1.00e+00, 3, 0, 34
NBG_TULLY_465:      T, 465, 88.932, 3.407, 1.0295e+07, 2.10e+00, 9.00e-01, 14, 0, 53
NBG_TULLY_466:      T, 466, 90.136, -28.983, 1.6444e+07, 2.10e+00, 5.30e-01, 3, 0, 51
NBG_UGC_3390:       U, 3390, 90.544, 36.116, 2.1987e+07, 3.30e+00, 6.00e-01,  8, 0, 20
NBG_NGC_2139:       N, 2139, 90.269, -23.667, 2.2354e+07, 2.70e+00, 6.70e-01,  6, 0, 34
NBG_TULLY_469:      T, 469, 90.886, -20.653, 2.4331e+07, 2.10e+00, 9.60e-01, 3, 0, 34
NBG_TULLY_470:      T, 470, 91.204, -26.121, 2.1930e+07, 3.20e+00, 4.00e-01, 3, 0, 34
NBG_TULLY_471:      T, 471, 91.434, -33.089, 8.2225e+06, 2.20e+00, 2.80e-01, 3, 0, 53
NBG_NGC_2179:       N, 2179, 92.005, -21.742, 3.4235e+07, 1.40e+00, 6.90e-01,  0, 0, 34
NBG_TULLY_473:      T, 473, 91.872, -61.809, 1.3435e+07, 2.80e+00, 2.00e-01, 3, 0, 53
NBG_NGC_2188:       N, 2188, 92.552, -34.111, 7.9335e+06, 3.40e+00, 2.30e-01,  9, 1, 53
NBG_TULLY_475:      T, 475, 92.831, -21.596, 9.7103e+06, 2.50e+00, 8.30e-01, 10, 0, 53
NBG_NGC_2196:       N, 2196, 93.054, -21.797, 2.8817e+07, 3.00e+00, 8.30e-01,  2, 0, 34
NBG_NGC_2146:       N, 2146, 94.663, 78.349, 1.7230e+07, 5.50e+00, 8.50e-01,  2, 1, 12
NBG_TULLY_478:      T, 478, 93.827, -26.584, 2.1783e+07, 1.80e+00, 8.60e-01, 10, 0, 34
NBG_NGC_2207:       N, 2207, 94.082, -21.368, 3.3290e+07, 4.70e+00, 6.70e-01,  4, 0, 34
NBG_TULLY_480:      T, 480, 94.297, -27.386, 2.0480e+07, 2.80e+00, 1.40e-01, 3, 0, 34
NBG_UGC_3439:       U, 3439, 95.958, 78.526, 2.4770e+07, 2.90e+00, 4.10e-01,  5, 0, 12
NBG_TULLY_482:      T, 482, 93.939, -70.903, 1.4709e+07, 0.00e+00, 0.00e+00, 3, 0, 53
NBG_TULLY_483:      T, 483, 95.224, -8.457, 8.7579e+06, 4.00e+00, 2.90e-01, 3, 0, 53
NBG_TULLY_484:      T, 484, 95.186, -16.057, 3.5767e+07, 2.30e+00, 6.20e-01, 3, 0, 34
NBG_TULLY_485:      T, 485, 95.264, -20.058, 2.4414e+07, 3.90e+00, 8.20e-01, 10, 0, 34
NBG_NGC_2217:       N, 2217, 95.423, -27.242, 1.9467e+07, 5.00e+00, 9.20e-01, -2, 1, 34
NBG_TULLY_487:      T, 487, 95.416, -59.743, 2.7065e+07, 3.20e+00, 7.00e-01, 3, 0, 33
NBG_TULLY_488:      T, 488, 91.401, -86.633, 2.2379e+07, 3.10e+00, 2.00e-01, 3, 0, 55
NBG_NGC_2223:       N, 2223, 96.149, -22.829, 3.3728e+07, 3.00e+00, 1.00e+00,  4, 0, 34
NBG_UGC_3463:       U, 3463, 96.753, 59.087, 3.8978e+07, 2.60e+00, 7.20e-01,  4, 0, 20
NBG_NGC_2227:       N, 2227, 96.479, -21.980, 2.7470e+07, 2.40e+00, 5.50e-01,  6, 1, 34
NBG_UGC_3475:       U, 3475, 97.618, 39.482, 8.5919e+06, 3.10e+00, 5.70e-01,  9, 0, 15
NBG_TULLY_493:      T, 493, 97.782, -52.420, 1.3387e+07, 1.50e+00, 1.00e+00, 10, 0, 53
NBG_UGC_3496:       U, 3496, 102.423, 85.834, 2.6192e+07, 2.30e+00, 7.60e-01, 10, 0, 42
NBG_TULLY_495:      T, 495, 100.461, 75.604, 1.5302e+07, 8.00e-01, 8.50e-01, 14, 0, 12
NBG_UGC_3504:       U, 3504, 100.018, 60.071, 3.1607e+07, 2.90e+00, 8.70e-01,  6, 0, 24
NBG_TULLY_497:      T, 497, 100.168, -58.532, 3.1355e+07, 2.90e+00, 2.70e-01, 3, 0, 33
NBG_UGC_3522:       U, 3522, 103.972, 84.925, 3.3212e+07, 2.10e+00, 5.50e-01, 13, 0, 42
NBG_UGC_3530:       U, 3530, 101.621, 60.347, 3.1612e+07, 2.40e+00, 6.40e-01,  7, 0, 24
NBG_NGC_2280:       N, 2280, 101.223, -27.636, 2.3227e+07, 6.70e+00, 4.40e-01,  6, 0, 34
NBG_TULLY_501:      T, 501, 101.443, -47.538, 1.1780e+07, 2.10e+00, 8.80e-01, 3, 0, 53
NBG_NGC_2273:       N, 2273, 102.529, 60.842, 2.8330e+07, 3.30e+00, 7.00e-01,  1, 1, 24
NBG_UGC_3574:       U, 3574, 103.287, 57.189, 2.3073e+07, 4.40e+00, 1.00e+00,  6, 0, 24
NBG_TULLY_504:      T, 504, 102.666, -52.144, 1.2028e+07, 2.70e+00, 7.10e-01, 3, 0, 53
NBG_UGC_3580:       U, 3580, 103.870, 69.587, 2.0642e+07, 3.60e+00, 4.90e-01,  1, 0, 12
NBG_UGC_3587:       U, 3587, 103.461, 19.304, 1.7967e+07, 2.80e+00, 4.00e-01, 12, 0, 20
NBG_UGC_3598:       U, 3598, 104.122, 60.651, 3.0295e+07, 2.10e+00, 5.90e-01, 10, 1, 24
NBG_NGC_2310:       N, 2310, 103.582, -40.864, 1.3605e+07, 2.60e+00, 1.90e-01, -2, 0, 53
NBG_NGC_2325:       N, 2325, 105.669, -28.691, 2.6079e+07, 3.10e+00, 6.70e-01, -5, 0, 34
NBG_UGC_3647:       U, 3647, 106.222, 56.541, 2.2225e+07, 1.50e+00, 8.70e-01, 10, 1, 24
NBG_NGC_2268:       N, 2268, 108.569, 84.386, 3.4427e+07, 3.40e+00, 7.00e-01,  4, 0, 42
NBG_UGC_3658:       U, 3658, 106.176, 17.607, 1.6879e+07, 1.90e+00, 4.40e-01, 10, 0, 20
NBG_UGC_3685:       U, 3685, 107.259, 61.603, 2.7922e+07, 4.00e+00, 1.00e+00,  3, 1, 24
NBG_UGC_3691:       U, 3691, 106.988, 15.170, 2.9973e+07, 2.30e+00, 5.00e-01,  6, 0, 30
NBG_NGC_2339:       N, 2339, 107.081, 18.787, 3.0964e+07, 2.70e+00, 7.50e-01,  4, 0, 30
NBG_NGC_2337:       N, 2337, 107.552, 44.451, 8.2158e+06, 2.70e+00, 8.30e-01, 10, 1, 15
NBG_UGC_3730:       U, 3730, 108.586, 73.482, 4.0039e+07, 2.20e+00, 4.10e-01, 13, 0, 12
NBG_NGC_2344:       N, 2344, 108.127, 47.166, 1.5923e+07, 2.30e+00, 9.20e-01,  5, 1, 15
NBG_NGC_2276:       N, 2276, 111.835, 85.756, 3.6779e+07, 2.80e+00, 9.00e-01,  5, 0, 42
NBG_NGC_2357:       N, 2357, 109.404, 23.359, 3.1507e+07, 2.60e+00, 1.60e-01,  5, 0, 30
NBG_TULLY_521:      T, 521, 108.980, -57.340, 1.2193e+07, 1.80e+00, 3.20e-01, 3, 0, 53
NBG_NGC_2300:       N, 2300, 113.100, 85.717, 3.0975e+07, 4.50e+00, 6.10e-01, -5, 0, 42
NBG_NGC_2336:       N, 2336, 111.652, 80.169, 3.3864e+07, 5.20e+00, 5.90e-01,  4, 0, 42
NBG_UGC_3808:       U, 3808, 110.264, 25.155, 3.3138e+07, 1.90e+00, 5.30e-01,  7, 1, 30
NBG_UGC_3817:       U, 3817, 110.703, 45.104, 8.3457e+06, 1.90e+00, 5.30e-01, 10, 0, 15
NBG_UGC_3826:       U, 3826, 111.126, 61.702, 2.7194e+07, 3.80e+00, 8.90e-01,  7, 0, 24
NBG_TULLY_527:      T, 527, 109.952, -72.729, 1.7599e+07, 0.00e+00, 0.00e+00, 10, 0, 53
NBG_NGC_2397:       N, 2397, 110.337, -68.997, 1.4942e+07, 2.20e+00, 4.80e-01,  5, 1, 53
NBG_UGC_3834:       U, 3834, 112.497, 79.865, 3.1734e+07, 2.50e+00, 4.00e-01,  5, 0, 42
NBG_NGC_2377:       N, 2377, 111.247, -9.600, 3.1732e+07, 3.40e+00, 9.00e-01,  3, 0, 30
NBG_NGC_2366:       N, 2366, 112.224, 69.198, 2.9682e+06, 6.80e+00, 4.30e-01, 10, 1, 14
NBG_UGC_3860:       U, 3860, 112.064, 40.764, 7.1951e+06, 1.90e+00, 7.00e-01, 10, 0, 15
NBG_TULLY_533:      T, 533, 111.901, -45.686, 1.1300e+07, 2.70e+00, 8.30e-01, 10, 0, 53
NBG_NGC_2417:       N, 2417, 112.528, -62.256, 3.8976e+07, 3.70e+00, 6.70e-01,  4, 0, 33
NBG_TULLY_535:      T, 535, 112.612, -61.790, 3.9361e+07, 1.70e+00, 3.50e-01, 3, 0, 33
NBG_TULLY_536:      T, 536, 112.179, -75.056, 1.2826e+07, 2.10e+00, 4.80e-01, 10, 0, 53
NBG_TULLY_537:      T, 537, 112.826, -68.191, 4.3232e+06, 2.00e+00, 9.50e-01, 3, 0, 14
NBG_UGC_3912:       U, 3912, 113.561, 4.540, 1.7085e+07, 2.10e+00, 6.10e-01, 10, 1, 31
NBG_NGC_2403:       N, 2403, 114.229, 65.605, 4.2615e+06, 2.14e+01, 5.40e-01,  6, 0, 14
NBG_TULLY_540:      T, 540, 113.768, -46.928, 3.5532e+07, 2.50e+00, 2.40e-01, 3, 0, 33
NBG_NGC_2427:       N, 2427, 114.112, -47.630, 1.0965e+07, 4.80e+00, 4.00e-01,  8, 0, 53
NBG_NGC_2434:       N, 2434, 113.719, -69.279, 1.6443e+07, 1.80e+00, 9.40e-01, -5, 0, 53
NBG_UGC_3946:       U, 3946, 114.506, 3.303, 1.6482e+07, 1.50e+00, 6.80e-01, 10, 0, 31
NBG_NGC_2442:       N, 2442, 114.112, -69.530, 1.7130e+07, 6.20e+00, 9.10e-01,  4, 1, 53
NBG_TULLY_545:      T, 545, 114.527, -55.182, 3.4600e+07, 2.00e+00, 2.70e-01, 3, 0, 33
NBG_TULLY_546:      T, 546, 114.606, -50.749, 1.2120e+07, 2.50e+00, 6.70e-01, 3, 0, 53
NBG_UGC_3964:       U, 3964, 115.084, -1.583, 1.9652e+07, 2.10e+00, 7.70e-01,  8, 0, 31
NBG_UGC_3966:       U, 3966, 115.354, 40.116, 7.5000e+06, 2.30e+00, 9.20e-01, 10, 0, 15
NBG_UGC_3974:       U, 3974, 115.467, 16.799, 2.0421e+06, 4.50e+00, 8.20e-01, 10, 0, 14
NBG_UGC_3975:       U, 3975, 116.205, 72.797, 3.7243e+07, 2.20e+00, 8.00e-01,  8, 1, 12
NBG_TULLY_551:      T, 551, 116.164, -58.156, 3.5640e+07, 1.90e+00, 1.40e-01, 3, 0, 33
NBG_TULLY_552:      T, 552, 117.319, -54.477, 1.1806e+07, 2.60e+00, 4.80e-01, 10, 0, 53
NBG_UGC_4093:       U, 4093, 119.070, 60.300, 2.4961e+07, 1.20e+00, 7.50e-01,  3, 1, 24
NBG_NGC_2460:       N, 2460, 119.221, 60.350, 2.3624e+07, 3.60e+00, 7.30e-01,  1, 0, 24
NBG_UGC_4115:       U, 4115, 119.253, 14.382, 3.1177e+06, 1.80e+00, 5.90e-01, 10, 0, 14
NBG_UGC_4121:       U, 4121, 119.731, 58.048, 1.8875e+07, 2.00e+00, 3.60e-01,  9, 1, 13
NBG_TULLY_557:      T, 557, 118.762, -76.418, 2.0976e+07, 3.50e+00, 2.00e-01, 3, 0, 53
NBG_TULLY_558:      T, 558, 119.554, -49.853, 1.2798e+07, 4.60e+00, 1.60e-01, 3, 0, 53
NBG_UGC_4148:       U, 4148, 120.085, 42.179, 1.2781e+07, 1.80e+00, 1.50e-01,  7, 0, 15
NBG_NGC_2500:       N, 2500, 120.486, 50.761, 1.0084e+07, 2.80e+00, 1.00e+00,  7, 1, 15
NBG_UGC_4173:       U, 4173, 121.676, 80.125, 1.6669e+07, 2.40e+00, 2.50e-01, 10, 0, 12
NBG_NGC_2525:       N, 2525, 121.418, -11.427, 2.1095e+07, 2.60e+00, 7.60e-01,  5, 1, 31
NBG_TULLY_563:      T, 563, 120.832, -77.077, 2.0800e+07, 1.50e+00, 7.50e-01, 10, 0, 53
NBG_UGC_4238:       U, 4238, 122.874, 76.436, 2.5552e+07, 2.50e+00, 6.10e-01,  7, 1, 12
NBG_UGC_4260:       U, 4260, 122.789, 46.468, 3.3328e+07, 1.90e+00, 9.50e-01, 10, 0, 21
NBG_NGC_2537:       N, 2537, 123.308, 45.999, 9.0322e+06, 1.70e+00, 8.90e-01, 10, 1, 15
NBG_UGC_4278:       U, 4278, 123.481, 45.748, 1.0548e+07, 3.10e+00, 1.30e-01,  7, 0, 15
NBG_TULLY_568:      T, 568, 122.473, -74.517, 1.4475e+07, 1.60e+00, 3.50e-01, 10, 0, 53
NBG_NGC_2541:       N, 2541, 123.660, 49.064, 1.0548e+07, 6.30e+00, 4.70e-01,  6, 0, 15
NBG_UGC_4305:       U, 4305, 124.826, 70.710, 4.4699e+06, 7.80e+00, 7.40e-01, 10, 0, 14
NBG_NGC_2559:       N, 2559, 124.271, -27.472, 2.0002e+07, 5.50e+00, 5.00e-01,  5, 1, 31
NBG_NGC_2549:       N, 2549, 124.757, 57.810, 1.8839e+07, 3.20e+00, 3.30e-01, -2, 0, 13
NBG_TULLY_573:      T, 573, 124.432, -30.140, 2.0878e+07, 6.20e+00, 8.90e-01, 3, 0, 31
NBG_NGC_2552:       N, 2552, 124.840, 50.010, 1.0065e+07, 3.50e+00, 7.00e-01,  9, 0, 15
NBG_NGC_2544:       N, 2544, 125.417, 73.992, 4.1312e+07, 3.60e+00, 7.60e-01, -2, 0, 12
NBG_NGC_2566:       N, 2566, 124.682, -25.491, 2.1124e+07, 4.80e+00, 7.30e-01,  2, 1, 31
NBG_TULLY_577:      T, 577, 125.979, 71.039, 4.3278e+06, 0.00e+00, 0.00e+00, 10, 0, 14
NBG_NGC_2551:       N, 2551, 126.206, 73.422, 3.4092e+07, 1.70e+00, 7.00e-01,  0, 0, 12
NBG_NGC_2577:       N, 2577, 125.685, 22.556, 3.0805e+07, 1.90e+00, 6.30e-01, -3, 0, 32
NBG_UGC_4390:       U, 4390, 126.953, 73.519, 3.3480e+07, 2.20e+00, 9.20e-01,  7, 1, 12
NBG_UGC_4393:       U, 4393, 126.524, 45.969, 3.1923e+07, 2.30e+00, 7.10e-01, 12, 1, 21
NBG_TULLY_582:      T, 582, 125.912, -60.879, 3.1817e+07, 1.70e+00, 5.00e-01, 3, 0, 33
NBG_TULLY_583:      T, 583, 126.558, -54.032, 1.1927e+07, 2.10e+00, 1.00e+00, 10, 0, 53
NBG_UGC_4426:       U, 4426, 127.141, 41.867, 6.2801e+06, 1.80e+00, 5.30e-01, 10, 0, 15
NBG_NGC_2601:       N, 2601, 126.385, -68.115, 3.9989e+07, 1.80e+00, 6.80e-01, -2, 0, 33
NBG_TULLY_586:      T, 586, 127.402, 52.083, 2.7074e+07, 7.00e-01, 5.30e-01, 14, 0, 21
NBG_UGC_4459:       U, 4459, 128.514, 66.162, 2.0100e+06, 1.80e+00, 8.50e-01, 10, 0, 14
NBG_NGC_2591:       N, 2591, 129.325, 78.027, 2.2838e+07, 2.30e+00, 2.60e-01,  5, 0, 12
NBG_NGC_2613:       N, 2613, 128.323, -22.972, 2.1957e+07, 5.30e+00, 2.40e-01,  3, 0, 31
NBG_TULLY_590:      T, 590, 128.478, -21.855, 2.3221e+07, 1.90e+00, 2.30e-01, 10, 0, 31
NBG_NGC_2608:       N, 2608, 128.834, 28.477, 3.1066e+07, 1.90e+00, 6.40e-01,  3, 1, 32
NBG_TULLY_592:      T, 592, 128.904, -32.157, 1.9627e+07, 3.70e+00, 2.00e-01, 3, 0, 31
NBG_UGC_4499:       U, 4499, 129.390, 51.642, 1.2874e+07, 2.80e+00, 8.20e-01,  8, 0, 15
NBG_TULLY_594:      T, 594, 129.058, -26.408, 1.0467e+07, 1.60e+00, 8.80e-01, 10, 0, 54
NBG_UGC_4508:       U, 4508, 129.482, -2.459, 2.6674e+07, 6.00e-01, 1.00e+00, 13, 0, 31
NBG_UGC_4514:       U, 4514, 129.907, 53.457, 1.2984e+07, 2.00e+00, 5.20e-01,  5, 1, 15
NBG_TULLY_597:      T, 597, 129.688, -75.161, 1.5959e+07, 2.40e+00, 5.00e-01, 3, 0, 53
NBG_UGC_4543:       U, 4543, 130.834, 45.736, 2.9935e+07, 3.10e+00, 6.00e-01,  8, 0, 21
NBG_UGC_4559:       U, 4559, 131.039, 30.119, 3.0775e+07, 2.10e+00, 2.30e-01,  4, 0, 32
NBG_UGC_4576:       U, 4576, 132.002, 73.533, 3.8809e+07, 1.20e+00, 2.20e-01,  3, 1, 12
NBG_NGC_2633:       N, 2633, 132.029, 74.100, 3.3156e+07, 2.50e+00, 6.40e-01,  3, 1, 12
NBG_NGC_2663:       N, 2663, 131.276, -33.799, 2.9558e+07, 4.30e+00, 6.30e-01, -5, 0, 31
NBG_NGC_2654:       N, 2654, 132.304, 60.215, 2.3244e+07, 2.80e+00, 2.00e-01,  1, 0, 13
NBG_TULLY_604:      T, 604, 133.322, 73.195, 3.6510e+07, 9.00e-01, 8.70e-01, 14, 0, 12
NBG_NGC_2655:       N, 2655, 133.899, 78.227, 2.4383e+07, 5.80e+00, 9.00e-01,  0, 0, 12
NBG_NGC_2683:       N, 2683, 133.176, 33.444, 5.6666e+06, 7.10e+00, 3.00e-01,  3, 0, 15
NBG_NGC_2681:       N, 2681, 133.396, 51.310, 1.3305e+07, 3.60e+00, 1.00e+00,  0, 0, 15
NBG_UGC_4646:       U, 4646, 135.978, 85.505, 2.6757e+07, 3.40e+00, 7.70e-01,  6, 0, 42
NBG_NGC_2685:       N, 2685, 133.900, 58.742, 1.6202e+07, 4.60e+00, 5.50e-01, -2, 1, 13
NBG_NGC_2714:       N, 2714, 133.376, -59.224, 3.3643e+07, 1.80e+00, 1.00e+00, -2, 0, 33
NBG_NGC_2708:       N, 2708, 134.029, -3.359, 2.7777e+07, 2.40e+00, 4.80e-01,  3, 0, 31
NBG_UGC_4683:       U, 4683, 134.476, 59.073, 1.6893e+07, 1.80e+00, 5.90e-01, 10, 0, 13
NBG_NGC_2701:       N, 2701, 134.738, 53.756, 3.5109e+07, 2.10e+00, 8.40e-01,  4, 0, 21
NBG_UGC_4704:       U, 4704, 134.754, 39.205, 8.7413e+06, 2.80e+00, 1.30e-01,  8, 0, 15
NBG_NGC_2712:       N, 2712, 134.889, 44.922, 2.8549e+07, 2.40e+00, 5.60e-01,  3, 1, 21
NBG_TULLY_616:      T, 616, 134.373, -69.061, 1.7121e+07, 2.70e+00, 3.80e-01, 3, 0, 53
NBG_TULLY_617:      T, 617, 135.369, -26.314, 2.5625e+07, 2.30e+00, 6.30e-01, 3, 0, 31
NBG_NGC_2735:       N, 2735, 135.661, 25.936, 3.7446e+07, 1.00e+00, 4.00e-01, 13, 0, 32
NBG_TULLY_619:      T, 619, 135.661, 25.936, 3.9418e+07, 0.00e+00, 0.00e+00, 10, 0, 32
NBG_NGC_2726:       N, 2726, 136.227, 59.934, 2.3997e+07, 1.50e+00, 3.10e-01,  1, 0, 13
NBG_NGC_2715:       N, 2715, 137.011, 78.082, 2.0401e+07, 3.70e+00, 3.80e-01,  5, 0, 12
NBG_NGC_2750:       N, 2750, 136.458, 25.433, 3.8323e+07, 2.20e+00, 9.20e-01,  5, 0, 32
NBG_UGC_4777:       U, 4777, 136.674, 34.616, 3.0898e+07, 1.70e+00, 2.00e-01, 10, 0, 21
NBG_NGC_2742:       N, 2742, 136.881, 60.482, 2.2170e+07, 2.90e+00, 5.50e-01,  5, 0, 13
NBG_UGC_4787:       U, 4787, 136.867, 33.265, 7.8013e+06, 1.70e+00, 2.60e-01,  8, 0, 15
NBG_NGC_2763:       N, 2763, 136.713, -15.485, 2.5640e+07, 2.10e+00, 1.00e+00,  6, 0, 31
NBG_NGC_2764:       N, 2764, 137.066, 21.447, 3.7401e+07, 1.50e+00, 6.60e-01, -2, 0, 32
NBG_UGC_4797:       U, 4797, 137.036, 5.931, 1.9560e+07, 2.60e+00, 1.00e+00,  9, 0, 31
NBG_NGC_2770:       N, 2770, 137.365, 33.097, 2.9580e+07, 2.70e+00, 3.10e-01,  5, 0, 21
NBG_NGC_2732:       N, 2732, 138.359, 79.195, 3.1838e+07, 1.60e+00, 4.60e-01, -2, 0, 42
NBG_TULLY_631:      T, 631, 137.436, -23.004, 6.9900e+06, 1.90e+00, 7.50e-01, 10, 0, 54
NBG_TULLY_632:      T, 632, 137.391, -33.354, 1.4196e+07, 1.20e+00, 6.40e-01, 10, 0, 54
NBG_NGC_2775:       N, 2775, 137.589, 7.046, 1.6983e+07, 4.50e+00, 8.20e-01,  2, 0, 31
NBG_NGC_2768:       N, 2768, 137.919, 60.045, 2.3673e+07, 6.40e+00, 4.80e-01, -5, 0, 13
NBG_TULLY_635:      T, 635, 137.518, -33.154, 1.9945e+07, 2.60e+00, 7.40e-01, 10, 0, 31
NBG_NGC_2748:       N, 2748, 138.425, 76.477, 2.3755e+07, 2.40e+00, 4.30e-01,  4, 0, 12
NBG_NGC_2788:       N, 2788, 137.251, -67.938, 1.8420e+07, 1.20e+00, 2.20e-01, 12, 0, 53
NBG_NGC_2776:       N, 2776, 138.054, 44.961, 3.8614e+07, 3.20e+00, 1.00e+00,  5, 0, 21
NBG_UGC_4837:       U, 4837, 138.025, 35.511, 2.8922e+07, 1.90e+00, 5.60e-01,  9, 0, 21
NBG_TULLY_640:      T, 640, 137.840, -15.039, 2.7873e+07, 1.90e+00, 1.00e+00, 10, 0, 31
NBG_NGC_2781:       N, 2781, 137.866, -14.805, 2.7520e+07, 3.50e+00, 5.10e-01,  1, 0, 31
NBG_NGC_2778:       N, 2778, 138.072, 35.011, 3.1019e+07, 1.50e+00, 7.30e-01, -5, 0, 21
NBG_UGC_4841:       U, 4841, 138.654, 74.227, 2.0387e+07, 3.80e+00, 7.70e-01,  7, 0, 12
NBG_NGC_2780:       N, 2780, 138.172, 34.911, 3.2865e+07, 1.10e+00, 7.30e-01, 12, 1, 21
NBG_TULLY_645:      T, 645, 138.022, -20.139, 2.9055e+07, 4.20e+00, 7.00e-02, 3, 0, 31
NBG_NGC_2784:       N, 2784, 138.082, -24.173, 7.0668e+06, 6.60e+00, 5.60e-01, -2, 0, 54
NBG_NGC_2782:       N, 2782, 138.523, 40.109, 3.7300e+07, 3.70e+00, 7.80e-01,  1, 0, 21
NBG_TULLY_648:      T, 648, 138.325, -19.424, 7.9837e+06, 2.20e+00, 6.10e-01, 10, 0, 54
NBG_NGC_2836:       N, 2836, 138.428, -69.341, 2.0621e+07, 2.80e+00, 7.10e-01, 12, 0, 53
NBG_TULLY_650:      T, 650, 139.189, 53.441, 3.3988e+07, 6.00e-01, 6.60e-01, 14, 0, 21
NBG_UGC_4888:       U, 4888, 139.597, 73.757, 3.4752e+07, 3.10e+00, 5.00e-01,  5, 0, 12
NBG_TULLY_652:      T, 652, 138.667, -60.425, 3.6294e+07, 2.10e+00, 7.50e-01, 3, 0, 33
NBG_TULLY_653:      T, 653, 138.663, -60.742, 3.7321e+07, 2.40e+00, 1.00e+00, 3, 0, 33
NBG_NGC_2793:       N, 2793, 139.192, 34.424, 2.6330e+07, 1.30e+00, 8.70e-01,  9, 1, 21
NBG_NGC_2811:       N, 2811, 139.037, -16.309, 3.3616e+07, 2.10e+00, 4.00e-01,  0, 1, 31
NBG_NGC_2815:       N, 2815, 139.086, -23.643, 3.0339e+07, 3.30e+00, 3.40e-01,  3, 1, 31
NBG_NGC_2798:       N, 2798, 139.356, 42.007, 2.7003e+07, 2.10e+00, 3.60e-01,  1, 1, 21
NBG_NGC_2799:       N, 2799, 139.381, 41.990, 2.7414e+07, 1.60e+00, 2.80e-01,  9, 1, 21
NBG_NGC_2842:       N, 2842, 138.906, -63.059, 3.4608e+07, 2.20e+00, 8.00e-01, -2, 1, 33
NBG_NGC_2787:       N, 2787, 139.822, 69.206, 1.3028e+07, 3.60e+00, 6.70e-01, -2, 1, 12
NBG_UGC_4922:       U, 4922, 139.642, 47.873, 3.0884e+07, 3.30e+00, 5.30e-01,  9, 0, 21
NBG_NGC_2835:       N, 2835, 139.491, -22.361, 1.0780e+07, 6.90e+00, 7.20e-01,  5, 1, 54
NBG_NGC_2805:       N, 2805, 140.114, 64.105, 2.8042e+07, 6.40e+00, 7.10e-01,  7, 0, 13
NBG_TULLY_664:      T, 664, 139.387, -62.878, 2.6130e+07, 2.40e+00, 5.60e-01, 3, 0, 33
NBG_NGC_2814:       N, 2814, 140.290, 64.254, 2.7105e+07, 1.30e+00, 2.20e-01, 13, 0, 13
NBG_TULLY_666:      T, 666, 139.952, -12.229, 2.6708e+07, 1.50e+00, 8.30e-01, 10, 0, 31
NBG_TULLY_667:      T, 667, 140.389, 64.237, 2.4689e+07, 6.00e-01, 4.40e-01, 14, 0, 13
NBG_NGC_2820:       N, 2820, 140.439, 64.270, 2.6038e+07, 2.90e+00, 1.20e-01,  5, 1, 13
NBG_NGC_2848:       N, 2848, 140.038, -16.512, 2.7679e+07, 2.60e+00, 7.60e-01,  5, 0, 31
NBG_TULLY_670:      T, 670, 140.176, -12.596, 2.6226e+07, 1.20e+00, 7.90e-01, 10, 0, 31
NBG_NGC_2844:       N, 2844, 140.442, 40.153, 2.4110e+07, 1.70e+00, 5.10e-01,  1, 0, 21
NBG_NGC_2841:       N, 2841, 140.512, 50.987, 1.2024e+07, 5.70e+00, 5.10e-01,  3, 0, 15
NBG_NGC_2855:       N, 2855, 140.353, -11.913, 2.6252e+07, 2.40e+00, 9.20e-01,  0, 0, 31
NBG_TULLY_674:      T, 674, 140.367, -22.497, 9.9227e+06, 2.70e+00, 2.20e-01, 10, 0, 54
NBG_TULLY_675:      T, 675, 139.978, -68.913, 2.8886e+07, 1.40e+00, 3.70e-01, 3, 0, 33
NBG_NGC_2852:       N, 2852, 140.791, 40.169, 2.9272e+07, 1.20e+00, 1.00e+00, -2, 0, 21
NBG_NGC_2853:       N, 2853, 140.816, 40.202, 2.8157e+07, 1.70e+00, 5.10e-01,  1, 0, 21
NBG_NGC_2865:       N, 2865, 140.865, -23.165, 3.5724e+07, 2.60e+00, 9.30e-01, -5, 0, 31
NBG_NGC_2859:       N, 2859, 141.087, 34.518, 2.5488e+07, 4.90e+00, 9.00e-01, -2, 1, 21
NBG_NGC_2887:       N, 2887, 140.834, -63.815, 3.5440e+07, 1.70e+00, 6.70e-01, -5, 0, 33
NBG_TULLY_681:      T, 681, 141.159, -25.116, 3.1859e+07, 1.50e+00, 8.20e-01, 3, 0, 31
NBG_NGC_2872:       N, 2872, 141.426, 11.433, 4.1404e+07, 1.90e+00, 9.50e-01, -5, 0, 32
NBG_TULLY_683:      T, 683, 141.502, 19.383, 3.5925e+07, 9.00e-01, 8.70e-01, 14, 0, 32
NBG_NGC_2888:       N, 2888, 141.573, -28.034, 2.9329e+07, 1.70e+00, 7.10e-01, -5, 0, 31
NBG_TULLY_685:      T, 685, 141.858, -32.018, 1.3627e+07, 1.90e+00, 1.00e+00, 10, 0, 54
NBG_NGC_2880:       N, 2880, 142.397, 62.498, 2.5187e+07, 2.50e+00, 6.40e-01, -2, 1, 13
NBG_TULLY_687:      T, 687, 141.884, -60.769, 2.7368e+07, 2.50e+00, 4.80e-01, 10, 0, 33
NBG_NGC_2915:       N, 2915, 141.544, -76.635, 3.3867e+06, 1.60e+00, 5.00e-01, 10, 1, 14
NBG_NGC_2893:       N, 2893, 142.563, 29.547, 2.6768e+07, 1.30e+00, 1.00e+00,  0, 1, 21
NBG_NGC_2902:       N, 2902, 142.721, -14.737, 2.8354e+07, 1.30e+00, 9.20e-01, -2, 0, 31
NBG_NGC_2907:       N, 2907, 142.915, -16.738, 2.8143e+07, 1.70e+00, 6.70e-01,  1, 0, 31
NBG_NGC_2903:       N, 2903, 143.057, 21.512, 6.2201e+06, 1.00e+01, 4.90e-01,  4, 0, 15
NBG_TULLY_693:      T, 693, 143.507, 55.228, 1.4323e+07, 5.00e-01, 7.50e-01, 14, 0, 15
NBG_TULLY_694:      T, 694, 143.316, -16.772, 2.8929e+07, 2.30e+00, 8.80e-01, 3, 0, 31
NBG_TULLY_695:      T, 695, 143.332, -33.039, 1.1064e+07, 4.30e+00, 1.60e-01, 3, 0, 54
NBG_TULLY_696:      T, 696, 143.523, 11.011, 3.5753e+07, 0.00e+00, 0.00e+00, 14, 0, 32
NBG_NGC_2935:       N, 2935, 144.203, -21.125, 3.0622e+07, 5.10e+00, 7.10e-01,  4, 0, 31
NBG_NGC_2940:       N, 2940, 144.519, 9.608, 4.1582e+07, 1.10e+00, 7.90e-01, -3, 0, 32
NBG_TULLY_699:      T, 699, 144.474, -22.392, 3.2163e+07, 2.30e+00, 6.50e-01, 3, 0, 31
NBG_UGC_5139:       U, 5139, 145.117, 71.190, 4.4057e+06, 3.80e+00, 1.00e+00, 10, 0, 14
NBG_TULLY_701:      T, 701, 144.585, -39.009, 3.1929e+07, 2.60e+00, 1.00e+00, 3, 0, 31
NBG_UGC_5151:       U, 5151, 145.122, 48.340, 6.8491e+06, 9.00e-01, 8.90e-01, 13, 0, 15
NBG_NGC_2955:       N, 2955, 145.307, 35.889, 2.7686e+07, 1.40e+00, 5.00e-01,  3, 0, 21
NBG_NGC_2962:       N, 2962, 145.230, 5.172, 3.0572e+07, 3.30e+00, 7.50e-01, -2, 0, 31
NBG_UGC_5172:       U, 5172, 145.473, 48.672, 3.8713e+07, 2.00e+00, 1.00e+00,  9, 0, 21
NBG_NGC_2950:       N, 2950, 145.655, 58.855, 2.3356e+07, 3.30e+00, 7.00e-01, -2, 1, 13
NBG_TULLY_707:      T, 707, 146.072, 76.354, 3.6208e+07, 9.00e-01, 4.30e-01, 14, 0, 12
NBG_NGC_2967:       N, 2967, 145.517, 0.338, 3.0881e+07, 2.90e+00, 1.00e+00,  5, 0, 31
NBG_NGC_2964:       N, 2964, 145.714, 31.854, 2.1948e+07, 2.60e+00, 5.70e-01,  4, 0, 21
NBG_NGC_2974:       N, 2974, 145.631, -3.696, 2.8535e+07, 3.20e+00, 5.80e-01, -5, 0, 31
NBG_NGC_2968:       N, 2968, 145.790, 31.938, 2.5877e+07, 1.90e+00, 7.30e-01,  3, 0, 21
NBG_NGC_2970:       N, 2970, 145.889, 31.987, 2.6691e+07, 6.00e-01, 8.00e-01, -2, 0, 21
NBG_TULLY_713:      T, 713, 145.851, -5.279, 2.7830e+07, 9.00e-01, 1.50e-01, 3, 0, 31
NBG_TULLY_714:      T, 714, 145.900, -5.913, 2.8770e+07, 2.40e+00, 8.90e-01, 3, 0, 31
NBG_NGC_2983:       N, 2983, 145.932, -20.480, 2.7418e+07, 2.30e+00, 6.00e-01, -2, 1, 31
NBG_TULLY_716:      T, 716, 145.992, -32.180, 1.5805e+07, 1.90e+00, 7.30e-01, 10, 0, 54
NBG_NGC_2986:       N, 2986, 146.080, -21.280, 3.2288e+07, 2.60e+00, 1.00e+00, -5, 0, 31
NBG_TULLY_718:      T, 718, 146.194, -31.831, 1.6490e+07, 2.50e+00, 8.60e-01, 3, 0, 54
NBG_NGC_2976:       N, 2976, 146.823, 67.902, 2.1260e+06, 4.60e+00, 5.80e-01,  5, 0, 14
NBG_UGC_5224:       U, 5224, 146.474, 2.969, 2.8452e+07, 1.50e+00, 5.10e-01,  8, 1, 31
NBG_NGC_2992:       N, 2992, 146.426, -14.331, 3.0459e+07, 3.20e+00, 2.00e-01,  1, 0, 31
NBG_TULLY_722:      T, 722, 146.375, -30.364, 1.2555e+07, 2.20e+00, 1.70e-01, 10, 0, 54
NBG_NGC_2997:       N, 2997, 146.372, -31.181, 1.3816e+07, 1.03e+01, 6.60e-01,  5, 0, 54
NBG_NGC_2993:       N, 2993, 146.451, -14.365, 3.0459e+07, 1.50e+00, 8.30e-01,  1, 0, 31
NBG_NGC_2990:       N, 2990, 146.581, 5.702, 4.3771e+07, 1.10e+00, 5.30e-01,  5, 0, 32
NBG_NGC_3001:       N, 3001, 146.550, -30.432, 3.2558e+07, 3.50e+00, 7.40e-01,  4, 0, 31
NBG_UGC_5238:       U, 5238, 146.717, 0.502, 2.6206e+07, 2.10e+00, 4.00e-01,  7, 0, 31
NBG_TULLY_728:      T, 728, 146.941, 39.084, 2.6404e+07, 0.00e+00, 0.00e+00, 14, 0, 21
NBG_TULLY_729:      T, 729, 146.536, -63.282, 3.6316e+07, 1.70e+00, 1.40e-01, 3, 0, 33
NBG_UGC_5245:       U, 5245, 146.885, -2.032, 2.1349e+07, 2.00e+00, 2.10e-01,  8, 0, 31
NBG_TULLY_731:      T, 731, 147.015, 32.884, 2.4456e+07, 0.00e+00, 0.00e+00, 14, 0, 21
NBG_UGC_5249:       U, 5249, 146.948, 2.618, 2.7696e+07, 2.00e+00, 3.70e-01,  6, 1, 31
NBG_NGC_3003:       N, 3003, 147.142, 33.417, 2.4322e+07, 4.20e+00, 2.10e-01,  4, 1, 21
NBG_NGC_2985:       N, 2985, 147.593, 72.283, 2.2355e+07, 3.80e+00, 7.90e-01,  2, 0, 12
NBG_TULLY_735:      T, 735, 147.388, 55.583, 2.4995e+07, 5.00e-01, 5.30e-01, 14, 0, 13
NBG_TULLY_736:      T, 736, 146.613, -74.599, 1.3554e+07, 2.40e+00, 2.60e-01, 3, 0, 53
NBG_NGC_3011:       N, 3011, 147.411, 32.216, 2.4071e+07, 1.10e+00, 9.00e-01, -2, 0, 21
NBG_NGC_3023:       N, 3023, 147.468, 0.616, 2.7578e+07, 2.80e+00, 5.40e-01,  6, 0, 31
NBG_UGC_5272:       U, 5272, 147.583, 31.483, 6.5123e+06, 1.80e+00, 4.00e-01, 10, 0, 15
NBG_NGC_3020:       N, 3020, 147.525, 12.816, 2.2829e+07, 2.80e+00, 6.00e-01,  6, 1, 21
NBG_NGC_3026:       N, 3026, 147.723, 28.549, 2.4429e+07, 2.00e+00, 3.00e-01, 10, 0, 21
NBG_NGC_3021:       N, 3021, 147.741, 33.549, 2.5099e+07, 1.50e+00, 6.40e-01,  5, 1, 21
NBG_TULLY_743:      T, 743, 147.837, 7.832, 5.2507e+06, 1.20e+00, 6.50e-01, 10, 0, 15
NBG_TULLY_744:      T, 744, 147.920, 1.448, 2.7338e+07, 1.50e+00, 8.70e-01, 10, 0, 31
NBG_NGC_3038:       N, 3038, 147.820, -32.752, 3.5446e+07, 2.60e+00, 5.20e-01,  1, 0, 31
NBG_NGC_3032:       N, 3032, 148.024, 29.232, 2.4477e+07, 2.10e+00, 8.50e-01, -2, 0, 21
NBG_NGC_3059:       N, 3059, 147.550, -73.918, 1.4798e+07, 4.50e+00, 1.00e+00,  5, 1, 53
NBG_NGC_3041:       N, 3041, 148.285, 16.681, 2.2794e+07, 3.20e+00, 6.60e-01,  5, 0, 21
NBG_NGC_3044:       N, 3044, 148.420, 1.580, 2.0591e+07, 3.10e+00, 2.00e-01,  5, 1, 21
NBG_NGC_3027:       N, 3027, 148.899, 72.213, 1.9501e+07, 4.00e+00, 5.40e-01,  7, 1, 12
NBG_NGC_3031:       N, 3031, 148.899, 69.063, 1.3454e+06, 2.03e+01, 5.70e-01,  2, 0, 14
NBG_NGC_3034:       N, 3034, 148.961, 69.680, 5.1749e+06, 1.04e+01, 4.90e-01, 13, 0, 14
NBG_NGC_3054:       N, 3054, 148.621, -25.687, 2.9629e+07, 3.70e+00, 6.40e-01,  3, 0, 31
NBG_NGC_3056:       N, 3056, 148.637, -28.304, 1.3430e+07, 2.00e+00, 6.30e-01, -2, 0, 54
NBG_NGC_3055:       N, 3055, 148.827, 4.263, 2.6873e+07, 2.00e+00, 6.70e-01,  5, 0, 31
NBG_TULLY_756:      T, 756, 148.862, 8.396, 2.0401e+07, 1.00e+00, 6.00e-01, 14, 0, 21
NBG_TULLY_757:      T, 757, 148.796, -33.154, 3.9421e+07, 3.80e+00, 8.00e-01, 3, 0, 31
NBG_UGC_5340:       U, 5340, 149.170, 28.829, 5.9313e+06, 2.20e+00, 4.70e-01, 10, 0, 15
NBG_TULLY_759:      T, 759, 149.386, 33.611, 2.4865e+07, 9.00e-01, 7.10e-01, 14, 0, 21
NBG_UGC_5349:       U, 5349, 149.525, 37.294, 2.3414e+07, 2.10e+00, 3.80e-01,  9, 0, 21
NBG_NGC_3067:       N, 3067, 149.581, 32.378, 2.4204e+07, 1.80e+00, 4.00e-01,  2, 0, 21
NBG_TULLY_762:      T, 762, 149.649, 13.244, 4.0332e+07, 0.00e+00, 0.00e+00, 14, 0, 32
NBG_NGC_3078:       N, 3078, 149.594, -26.923, 3.3445e+07, 2.10e+00, 8.30e-01, -5, 0, 31
NBG_NGC_3087:       N, 3087, 149.795, -34.223, 3.4894e+07, 2.00e+00, 9.00e-01, -5, 0, 31
NBG_NGC_3081:       N, 3081, 149.882, -22.823, 3.2508e+07, 2.20e+00, 8.50e-01,  1, 0, 31
NBG_UGC_5373:       U, 5373, 150.004, 5.326, 1.5652e+06, 5.10e+00, 7.00e-01, 10, 1, 14
NBG_NGC_3089:       N, 3089, 149.915, -28.324, 3.5100e+07, 1.80e+00, 5.70e-01,  2, 0, 31
NBG_NGC_3073:       N, 3073, 150.221, 55.626, 1.9273e+07, 1.30e+00, 9.20e-01, -5, 0, 13
NBG_NGC_3065:       N, 3065, 150.477, 72.176, 3.1237e+07, 2.10e+00, 9.50e-01, -2, 0, 12
NBG_TULLY_771:      T, 771, 149.986, -29.624, 3.2853e+07, 4.50e+00, 1.00e-01, 3, 0, 31
NBG_NGC_3066:       N, 3066, 150.550, 72.126, 3.2303e+07, 1.30e+00, 1.00e+00,  4, 0, 12
NBG_TULLY_773:      T, 773, 150.021, -34.240, 3.7861e+07, 1.60e+00, 8.80e-01, 3, 0, 31
NBG_NGC_3095:       N, 3095, 150.030, -31.557, 3.5757e+07, 4.30e+00, 5.00e-01,  5, 0, 31
NBG_NGC_3079:       N, 3079, 150.495, 55.709, 2.0338e+07, 5.50e+00, 2.20e-01,  9, 1, 13
NBG_UGC_5391:       U, 5391, 150.422, 37.259, 2.5803e+07, 1.90e+00, 4.40e-01,  9, 0, 21
NBG_UGC_5393:       U, 5393, 150.432, 33.125, 2.4156e+07, 2.00e+00, 6.00e-01,  9, 1, 21
NBG_NGC_3077:       N, 3077, 150.847, 68.742, 2.0518e+06, 5.30e+00, 7.70e-01, 13, 0, 14
NBG_NGC_3098:       N, 3098, 150.580, 24.708, 2.2424e+07, 2.00e+00, 2.80e-01, -2, 0, 21
NBG_TULLY_780:      T, 780, 150.676, -6.009, 6.2201e+06, 2.30e+00, 1.50e-01, 3, 0, 15
NBG_NGC_3109:       N, 3109, 150.774, -26.159, 1.7000e+06, 1.78e+01, 2.10e-01, 10, 0, 14
NBG_TULLY_782:      T, 782, 150.812, -21.442, 4.1018e+07, 1.50e+00, 1.00e+00, 3, 0, 31
NBG_NGC_3104:       N, 3104, 150.984, 40.758, 9.3926e+06, 3.20e+00, 6.70e-01, 10, 0, 15
NBG_NGC_3057:       N, 3057, 151.689, 80.273, 2.5691e+07, 2.60e+00, 8.40e-01,  8, 1, 12
NBG_TULLY_785:      T, 785, 150.896, -27.026, 1.1977e+07, 3.40e+00, 4.40e-01, 3, 0, 54
NBG_UGC_5423:       U, 5423, 151.373, 70.374, 9.0078e+06, 1.40e+00, 7.90e-01, 10, 0, 14
NBG_TULLY_787:      T, 787, 150.945, -27.576, 3.7195e+07, 2.50e+00, 7.20e-01, 3, 0, 31
NBG_UGC_5425:       U, 5425, 151.099, 13.624, 3.8902e+07, 1.00e+00, 8.90e-01,  5, 0, 32
NBG_TULLY_789:      T, 789, 150.825, -64.959, 2.6753e+07, 2.20e+00, 5.40e-01, 3, 0, 33
NBG_NGC_3113:       N, 3113, 151.143, -28.443, 1.4261e+07, 3.10e+00, 3.60e-01,  8, 0, 54
NBG_NGC_3115:       N, 3115, 151.298, -7.727, 6.6415e+06, 6.10e+00, 4.90e-01, -2, 0, 15
NBG_TULLY_792:      T, 792, 151.565, 28.956, 2.3646e+07, 7.00e-01, 9.10e-01, 14, 0, 21
NBG_TULLY_793:      T, 793, 151.074, -75.477, 2.1694e+07, 2.80e+00, 1.00e+00, 3, 0, 53
NBG_NGC_3136:       N, 3136, 151.447, -67.378, 2.0472e+07, 2.80e+00, 6.70e-01, -5, 0, 53
NBG_UGC_5455:       U, 5455, 152.169, 70.638, 2.2637e+07, 2.10e+00, 1.00e+00, 10, 0, 12
NBG_UGC_5458:       U, 5458, 151.870, 12.272, 4.0452e+07, 1.30e+00, 6.50e-01, 12, 0, 32
NBG_UGC_5459:       U, 5459, 152.018, 53.089, 2.0307e+07, 2.80e+00, 1.50e-01,  5, 0, 13
NBG_UGC_5460:       U, 5460, 152.035, 51.838, 1.9893e+07, 2.50e+00, 9.30e-01,  7, 1, 13
NBG_UGC_5478:       U, 5478, 152.367, 30.154, 2.3447e+07, 1.90e+00, 9.00e-01, 10, 0, 21
NBG_NGC_3137:       N, 3137, 152.293, -29.062, 1.4531e+07, 5.80e+00, 3.90e-01,  7, 0, 54
NBG_TULLY_801:      T, 801, 152.209, -67.046, 1.6707e+07, 3.00e+00, 4.00e-01, 3, 0, 53
NBG_TULLY_802:      T, 802, 152.654, -25.813, 3.3785e+07, 2.50e+00, 8.10e-01, 3, 0, 31
NBG_TULLY_803:      T, 803, 152.755, -4.680, 1.3077e+06, 4.30e+00, 8.30e-01, 10, 0, 14
NBG_TULLY_804:      T, 804, 152.978, 58.736, 3.3928e+07, 5.00e-01, 5.30e-01, 14, 0, 13
NBG_NGC_3156:       N, 3156, 153.173, 3.136, 1.8552e+07, 1.80e+00, 6.30e-01, -5, 0, 21
NBG_NGC_3153:       N, 3153, 153.219, 12.669, 4.0136e+07, 2.00e+00, 4.80e-01,  5, 0, 32
NBG_TULLY_807:      T, 807, 153.078, -47.298, 3.2041e+07, 2.60e+00, 1.30e-01, 3, 0, 31
NBG_NGC_3162:       N, 3162, 153.394, 22.735, 2.2264e+07, 3.20e+00, 8.40e-01,  4, 0, 21
NBG_NGC_3166:       N, 3166, 153.448, 3.435, 2.2013e+07, 4.10e+00, 6.00e-01,  0, 0, 21
NBG_UGC_5518:       U, 5518, 153.545, 39.468, 3.2774e+07, 1.90e+00, 6.10e-01, 10, 0, 13
NBG_UGC_5522:       U, 5522, 153.481, 7.018, 1.9959e+07, 2.60e+00, 6.40e-01,  6, 0, 21
NBG_NGC_3169:       N, 3169, 153.549, 3.468, 1.9713e+07, 4.50e+00, 5.80e-01,  1, 0, 21
NBG_NGC_3175:       N, 3175, 153.697, -28.866, 1.4885e+07, 4.10e+00, 2.40e-01,  3, 0, 54
NBG_NGC_3147:       N, 3147, 154.232, 73.401, 4.0936e+07, 4.30e+00, 8.60e-01,  4, 0, 42
NBG_UGC_5539:       U, 5539, 153.972, 2.684, 2.0482e+07, 1.90e+00, 5.40e-01, 10, 1, 21
NBG_TULLY_816:      T, 816, 154.116, 45.317, 2.7123e+07, 6.00e-01, 6.60e-01, 14, 0, 13
NBG_NGC_3177:       N, 3177, 154.138, 21.117, 2.1041e+07, 1.60e+00, 8.30e-01,  3, 0, 21
NBG_TULLY_818:      T, 818, 154.308, -3.500, 2.0256e+07, 2.20e+00, 4.70e-01, 3, 0, 21
NBG_NGC_3185:       N, 3185, 154.414, 21.683, 2.1330e+07, 1.90e+00, 6.30e-01,  1, 1, 21
NBG_TULLY_820:      T, 820, 154.226, -48.884, 3.5135e+07, 4.00e+00, 7.00e-01, 3, 0, 31
NBG_NGC_3187:       N, 3187, 154.440, 21.883, 2.6076e+07, 2.80e+00, 4.70e-01,  5, 1, 21
NBG_NGC_3184:       N, 3184, 154.548, 41.416, 8.7006e+06, 7.40e+00, 9.30e-01,  6, 0, 15
NBG_NGC_3190:       N, 3190, 154.540, 21.833, 2.2418e+07, 3.50e+00, 4.20e-01,  1, 0, 21
NBG_NGC_3193:       N, 3193, 154.615, 21.899, 2.3183e+07, 2.70e+00, 1.00e+00, -5, 0, 21
NBG_NGC_3198:       N, 3198, 154.938, 45.565, 1.0860e+07, 7.30e+00, 4.20e-01,  5, 1, 15
NBG_NGC_3203:       N, 3203, 154.881, -26.701, 3.2617e+07, 2.20e+00, 1.90e-01, -2, 0, 31
NBG_NGC_3208:       N, 3208, 154.933, -25.852, 4.0085e+07, 2.10e+00, 8.40e-01,  4, 0, 31
NBG_UGC_5588:       U, 5588, 155.222, 25.365, 2.4191e+07, 7.00e-01, 6.70e-01, 13, 0, 21
NBG_NGC_3206:       N, 3206, 155.447, 56.948, 2.1049e+07, 2.70e+00, 7.00e-01,  6, 1, 13
NBG_NGC_3223:       N, 3223, 155.411, -34.253, 3.8135e+07, 3.60e+00, 6.50e-01,  3, 0, 31
NBG_UGC_5612:       U, 5612, 156.001, 70.880, 1.9097e+07, 3.10e+00, 6.90e-01,  8, 1, 12
NBG_NGC_3226:       N, 3226, 155.858, 19.897, 2.3383e+07, 2.70e+00, 8.80e-01, -5, 0, 21
NBG_NGC_3227:       N, 3227, 155.883, 19.863, 2.0684e+07, 5.50e+00, 7.20e-01,  1, 0, 21
NBG_TULLY_834:      T, 834, 155.791, -47.337, 3.4350e+07, 2.00e+00, 4.00e-01, 3, 0, 31
NBG_NGC_3225:       N, 3225, 156.275, 58.146, 3.3546e+07, 2.00e+00, 5.50e-01,  5, 0, 13
NBG_UGC_5633:       U, 5633, 156.171, 14.746, 2.3436e+07, 2.40e+00, 6.80e-01,  8, 1, 21
NBG_NGC_3241:       N, 3241, 156.068, -32.487, 3.7908e+07, 2.20e+00, 7.10e-01,  2, 0, 31
NBG_NGC_3239:       N, 3239, 156.276, 17.163, 8.1160e+06, 5.20e+00, 7.00e-01,  9, 1, 15
NBG_TULLY_839:      T, 839, 156.759, 56.262, 1.5572e+07, 5.00e-01, 6.10e-01, 14, 0, 13
NBG_NGC_3246:       N, 3246, 156.673, 3.862, 3.1847e+07, 2.10e+00, 6.40e-01,  8, 0, 30
NBG_UGC_5662:       U, 5662, 156.752, 28.628, 2.3198e+07, 2.40e+00, 1.10e-01,  3, 1, 21
NBG_NGC_3250:       N, 3250, 156.648, -39.938, 3.7449e+07, 1.90e+00, 7.50e-01, -5, 0, 31
NBG_NGC_3245:       N, 3245, 156.826, 28.511, 2.2171e+07, 2.90e+00, 6.70e-01, -2, 0, 21
NBG_UGC_5666:       U, 5666, 157.121, 68.411, 2.7604e+06, 1.19e+01, 6.30e-01,  9, 0, 14
NBG_NGC_3256:       N, 3256, 156.960, -43.906, 3.7388e+07, 7.50e+00, 3.60e-01, 13, 0, 31
NBG_UGC_5675:       U, 5675, 157.130, 19.561, 1.9484e+07, 1.90e+00, 7.70e-01,  9, 0, 21
NBG_TULLY_847:      T, 847, 157.074, -31.506, 4.1396e+07, 2.10e+00, 1.00e+00, 3, 0, 31
NBG_NGC_3257:       N, 3257, 157.188, -35.656, 3.7810e+07, 1.00e+00, 8.80e-01, -2, 0, 31
NBG_NGC_3254:       N, 3254, 157.328, 29.494, 2.3643e+07, 3.90e+00, 3.30e-01,  4, 0, 21
NBG_NGC_3258:       N, 3258, 157.213, -35.606, 3.7534e+07, 1.70e+00, 8.80e-01, -5, 0, 31
NBG_UGC_5688:       U, 5688, 157.591, 70.060, 3.0847e+07, 3.20e+00, 6.20e-01,  9, 1, 12
NBG_TULLY_852:      T, 852, 157.249, -40.090, 3.6809e+07, 2.50e+00, 8.00e-01, 3, 0, 31
NBG_NGC_3260:       N, 3260, 157.288, -35.590, 3.6998e+07, 1.20e+00, 7.50e-01, -5, 0, 31
NBG_NGC_3261:       N, 3261, 157.259, -44.656, 3.3344e+07, 4.20e+00, 8.00e-01,  5, 1, 31
NBG_NGC_3263:       N, 3263, 157.311, -44.106, 3.9090e+07, 5.50e+00, 2.20e-01,  6, 1, 31
NBG_TULLY_856:      T, 856, 157.389, -35.256, 3.6112e+07, 9.00e-01, 1.80e-01, -5, 0, 31
NBG_TULLY_857:      T, 857, 157.464, -35.373, 3.5908e+07, 0.00e+00, 0.00e+00, -5, 0, 31
NBG_NGC_3268:       N, 3268, 157.515, -35.323, 3.7354e+07, 1.90e+00, 7.30e-01, -5, 0, 31
NBG_NGC_3273:       N, 3273, 157.614, -35.607, 3.6913e+07, 1.60e+00, 4.00e-01, -2, 0, 31
NBG_UGC_5707:       U, 5707, 157.816, 43.126, 4.1530e+07, 2.40e+00, 7.50e-01,  6, 0, 20
NBG_UGC_5706:       U, 5706, 157.789, 34.510, 2.5359e+07, 1.60e+00, 8.20e-01, 10, 0, 21
NBG_UGC_5708:       U, 5708, 157.799, 4.476, 1.9439e+07, 2.30e+00, 2.10e-01,  7, 0, 21
NBG_NGC_3275:       N, 3275, 157.736, -36.740, 4.2414e+07, 2.90e+00, 1.00e+00,  3, 1, 31
NBG_NGC_3259:       N, 3259, 158.144, 65.043, 2.8649e+07, 2.00e+00, 5.50e-01,  4, 0, 12
NBG_NGC_3264:       N, 3264, 158.098, 56.076, 1.7872e+07, 2.80e+00, 4.70e-01,  9, 1, 13
NBG_UGC_5720:       U, 5720, 158.139, 54.392, 2.4920e+07, 1.10e+00, 9.10e-01, 13, 0, 13
NBG_NGC_3274:       N, 3274, 158.071, 27.659, 5.8626e+06, 1.90e+00, 5.60e-01,  6, 0, 15
NBG_NGC_3277:       N, 3277, 158.223, 28.509, 2.4955e+07, 2.40e+00, 9.20e-01,  2, 0, 21
NBG_NGC_3252:       N, 3252, 158.600, 73.758, 2.0782e+07, 1.70e+00, 3.90e-01,  6, 1, 12
NBG_UGC_5740:       U, 5740, 158.692, 50.758, 1.1297e+07, 2.00e+00, 6.30e-01,  9, 0, 15
NBG_NGC_3287:       N, 3287, 158.707, 21.641, 2.0568e+07, 1.90e+00, 5.10e-01,  7, 1, 21
NBG_TULLY_872:      T, 872, 158.844, -24.759, 1.4161e+07, 4.90e+00, 7.70e-01, 3, 0, 54
NBG_NGC_3294:       N, 3294, 159.068, 37.324, 2.6658e+07, 3.00e+00, 5.20e-01,  5, 0, 21
NBG_NGC_3299:       N, 3299, 159.114, 12.691, 5.3749e+06, 2.00e+00, 8.60e-01,  8, 0, 15
NBG_UGC_5764:       U, 5764, 159.178, 31.557, 6.9116e+06, 1.80e+00, 6.40e-01, 10, 0, 15
NBG_TULLY_876:      T, 876, 159.039, -37.209, 1.1645e+07, 3.90e+00, 8.00e-01, 10, 0, 54
NBG_NGC_3300:       N, 3300, 159.166, 14.174, 4.2898e+07, 1.80e+00, 5.10e-01, -2, 0, 32
NBG_NGC_3301:       N, 3301, 159.231, 21.874, 2.3365e+07, 2.60e+00, 3.60e-01,  0, 1, 21
NBG_UGC_5776:       U, 5776, 159.498, 64.290, 2.7110e+07, 7.00e-01, 1.00e+00, 13, 0, 12
NBG_NGC_3312:       N, 3312, 159.264, -27.560, 4.7125e+07, 2.80e+00, 4.00e-01,  2, 0, 31
NBG_NGC_3314:       N, 3314, 159.314, -27.693, 4.7591e+07, 2.00e+00, 6.50e-01,  0, 1, 31
NBG_NGC_3318:       N, 3318, 159.328, -41.627, 3.7843e+07, 2.20e+00, 5.50e-01,  3, 0, 31
NBG_NGC_3310:       N, 3310, 159.699, 53.506, 1.8762e+07, 3.50e+00, 9.30e-01,  4, 0, 13
NBG_TULLY_884:      T, 884, 159.564, -38.110, 3.9984e+07, 2.50e+00, 1.00e+00, 3, 0, 31
NBG_NGC_3321:       N, 3321, 159.696, -11.644, 3.5001e+07, 2.60e+00, 5.00e-01,  5, 0, 22
NBG_NGC_3319:       N, 3319, 159.828, 41.673, 1.1465e+07, 6.00e+00, 6.10e-01,  6, 1, 15
NBG_NGC_3320:       N, 3320, 159.897, 47.389, 3.5978e+07, 1.90e+00, 4.90e-01,  6, 0, 13
NBG_TULLY_888:      T, 888, 160.082, -48.561, 1.3091e+07, 5.80e+00, 8.30e-01, 3, 0, 54
NBG_TULLY_889:      T, 889, 160.325, -23.378, 1.6806e+07, 2.70e+00, 6.10e-01, 10, 0, 54
NBG_TULLY_890:      T, 890, 160.570, 47.772, 2.6308e+07, 7.00e-01, 3.30e-01, 14, 0, 13
NBG_NGC_3338:       N, 3338, 160.539, 13.755, 2.2819e+07, 5.10e+00, 5.40e-01,  5, 0, 21
NBG_UGC_5829:       U, 5829, 160.655, 34.455, 7.9637e+06, 4.80e+00, 8.60e-01, 10, 1, 15
NBG_UGC_5833:       U, 5833, 160.776, 20.421, 2.3173e+07, 1.40e+00, 3.30e-01, -2, 0, 21
NBG_NGC_3347:       N, 3347, 160.697, -36.346, 3.8553e+07, 3.60e+00, 5.90e-01,  3, 1, 31
NBG_NGC_3329:       N, 3329, 161.163, 76.804, 3.0265e+07, 2.00e+00, 6.30e-01,  1, 0, 42
NBG_NGC_3344:       N, 3344, 160.884, 24.921, 6.0836e+06, 6.60e+00, 9.40e-01,  4, 0, 15
NBG_NGC_3346:       N, 3346, 160.915, 14.871, 2.2320e+07, 2.60e+00, 9.60e-01,  6, 1, 21
NBG_TULLY_898:      T, 898, 160.900, -9.863, 3.0181e+07, 1.80e+00, 8.50e-01, 3, 0, 22
NBG_UGC_5846:       U, 5846, 161.103, 60.371, 1.9276e+07, 2.00e+00, 1.00e+00, 10, 0, 12
NBG_NGC_3351:       N, 3351, 160.985, 11.704, 8.1105e+06, 6.90e+00, 6.20e-01,  3, 1, 15
NBG_NGC_3358:       N, 3358, 160.898, -36.396, 3.8268e+07, 3.00e+00, 5.80e-01,  0, 0, 31
NBG_UGC_5848:       U, 5848, 161.105, 56.421, 1.6294e+07, 2.00e+00, 7.00e-01,  9, 0, 13
NBG_NGC_3353:       N, 3353, 161.351, 55.954, 1.6822e+07, 1.50e+00, 7.60e-01, 13, 0, 13
NBG_NGC_3359:       N, 3359, 161.669, 63.236, 1.9211e+07, 6.40e+00, 6.30e-01,  5, 1, 12
NBG_NGC_3365:       N, 3365, 161.569, 1.820, 1.0683e+07, 3.10e+00, 2.10e-01,  5, 0, 15
NBG_NGC_3367:       N, 3367, 161.638, 13.753, 4.3548e+07, 2.30e+00, 9.60e-01,  5, 1, 32
NBG_NGC_3368:       N, 3368, 161.709, 11.820, 8.1548e+06, 6.20e+00, 7.00e-01,  2, 0, 15
NBG_NGC_3370:       N, 3370, 161.768, 17.270, 2.3417e+07, 2.60e+00, 6.20e-01,  5, 0, 21
NBG_UGC_5889:       U, 5889, 161.838, 14.069, 5.1029e+06, 1.80e+00, 9.50e-01,  9, 0, 15
NBG_NGC_3377:       N, 3377, 161.938, 13.986, 8.0554e+06, 4.90e+00, 6.50e-01, -5, 0, 15
NBG_NGC_3379:       N, 3379, 161.960, 12.586, 8.1548e+06, 5.40e+00, 9.30e-01, -5, 0, 15
NBG_NGC_3384:       N, 3384, 162.060, 12.636, 8.0156e+06, 4.80e+00, 5.00e-01, -2, 1, 15
NBG_NGC_3390:       N, 3390, 162.012, -31.531, 3.8034e+07, 2.70e+00, 2.20e-01,  3, 0, 31
NBG_NGC_3389:       N, 3389, 162.110, 12.536, 2.2579e+07, 2.50e+00, 4.50e-01,  5, 0, 21
NBG_TULLY_915:      T, 915, 162.278, 52.335, 3.6316e+07, 7.00e-01, 5.90e-01, 14, 0, 13
NBG_UGC_5918:       U, 5918, 162.381, 65.535, 7.0831e+06, 2.90e+00, 1.00e+00, 10, 0, 14
NBG_NGC_3395:       N, 3395, 162.446, 32.985, 2.7394e+07, 1.70e+00, 6.00e-01,  6, 0, 21
NBG_NGC_3396:       N, 3396, 162.471, 32.985, 2.8003e+07, 2.90e+00, 4.10e-01, 10, 1, 21
NBG_UGC_5947:       U, 5947, 162.621, 19.652, 2.2719e+07, 1.40e+00, 6.10e-01, 10, 0, 21
NBG_NGC_3412:       N, 3412, 162.736, 13.418, 8.1535e+06, 3.20e+00, 5.90e-01, -2, 1, 15
NBG_UGC_5953:       U, 5953, 162.824, 44.568, 2.9250e+07, 6.00e-01, 6.00e-01, 13, 0, 13
NBG_NGC_3414:       N, 3414, 162.810, 27.985, 2.4931e+07, 3.20e+00, 8.70e-01, -2, 1, 21
NBG_NGC_3423:       N, 3423, 162.824, 5.851, 1.0932e+07, 3.90e+00, 8.50e-01,  6, 0, 15
NBG_NGC_3419:       N, 3419, 162.837, 13.951, 4.3359e+07, 9.00e-01, 8.60e-01, -2, 0, 32
NBG_TULLY_925:      T, 925, 162.836, -19.899, 2.9121e+07, 2.80e+00, 1.60e-01, 3, 0, 22
NBG_UGC_5979:       U, 5979, 163.146, 67.984, 2.0624e+07, 1.80e+00, 8.00e-01, 10, 0, 12
NBG_NGC_3433:       N, 3433, 163.006, 10.151, 3.9525e+07, 3.70e+00, 9.10e-01,  5, 0, 32
NBG_NGC_3430:       N, 3430, 163.045, 32.951, 2.6652e+07, 3.70e+00, 5.70e-01,  5, 0, 21
NBG_NGC_3432:       N, 3432, 163.127, 36.634, 7.8000e+06, 3.70e+00, 2.70e-01,  9, 1, 15
NBG_NGC_3437:       N, 3437, 163.151, 22.934, 2.3360e+07, 2.20e+00, 3.60e-01,  5, 0, 21
NBG_UGC_5998:       U, 5998, 163.290, 50.284, 2.2837e+07, 9.00e-01, 4.30e-01, 13, 0, 13
NBG_NGC_3403:       N, 3403, 163.471, 73.684, 2.1504e+07, 2.90e+00, 4.70e-01,  4, 0, 12
NBG_NGC_3443:       N, 3443, 163.242, 17.567, 2.1116e+07, 2.20e+00, 5.00e-01,  7, 0, 21
NBG_NGC_3442:       N, 3442, 163.296, 33.917, 2.8797e+07, 8.00e-01, 7.90e-01, 13, 0, 21
NBG_NGC_3449:       N, 3449, 163.213, -32.933, 4.3208e+07, 2.90e+00, 2.50e-01,  0, 0, 31
NBG_NGC_3447:       N, 3447, 163.340, 16.767, 2.0077e+07, 3.50e+00, 5.90e-01,  7, 0, 21
NBG_UGC_6007:       U, 6007, 163.390, 16.784, 1.9723e+07, 1.50e+00, 5.10e-01, 10, 1, 21
NBG_NGC_3445:       N, 3445, 163.640, 56.984, 3.2374e+07, 1.70e+00, 9.00e-01,  9, 0, 12
NBG_NGC_3448:       N, 3448, 163.653, 54.317, 2.4453e+07, 3.80e+00, 3.30e-01, 13, 0, 13
NBG_UGC_6027:       U, 6027, 163.730, 63.983, 2.8217e+07, 1.30e+00, 6.10e-01, 10, 0, 12
NBG_NGC_3454:       N, 3454, 163.616, 17.350, 2.1300e+07, 1.80e+00, 2.50e-01,  5, 1, 21
NBG_NGC_3455:       N, 3455, 163.641, 17.283, 2.0539e+07, 2.50e+00, 6.70e-01,  3, 0, 21
NBG_UGC_6029:       U, 6029, 163.760, 49.733, 2.4315e+07, 1.10e+00, 8.20e-01, 13, 0, 13
NBG_UGC_6035:       U, 6035, 163.865, 17.133, 2.0316e+07, 1.40e+00, 9.30e-01, 10, 1, 21
NBG_NGC_3458:       N, 3458, 164.013, 57.116, 2.9567e+07, 1.40e+00, 5.90e-01, -2, 0, 12
NBG_TULLY_946:      T, 946, 164.024, 6.166, 1.3674e+07, 0.00e+00, 0.00e+00, 14, 0, 15
NBG_NGC_3471:       N, 3471, 164.780, 61.532, 3.3003e+07, 1.70e+00, 5.10e-01,  1, 0, 12
NBG_TULLY_948:      T, 948, 164.727, -49.968, 3.5446e+07, 2.50e+00, 6.20e-01, 3, 0, 31
NBG_NGC_3489:       N, 3489, 165.084, 13.898, 6.4203e+06, 3.30e+00, 6.20e-01, -2, 0, 15
NBG_NGC_3486:       N, 3486, 165.131, 28.981, 7.3953e+06, 6.00e+00, 7.30e-01,  5, 0, 15
NBG_NGC_3495:       N, 3495, 165.295, 3.615, 1.2744e+07, 3.40e+00, 2.50e-01,  7, 0, 15
NBG_UGC_6112:       U, 6112, 165.637, 16.731, 2.0358e+07, 1.90e+00, 3.90e-01,  7, 0, 21
NBG_NGC_3501:       N, 3501, 165.714, 17.981, 2.1735e+07, 2.50e+00, 1.60e-01,  5, 0, 21
NBG_NGC_3504:       N, 3504, 165.803, 27.981, 2.6527e+07, 2.50e+00, 8.50e-01,  2, 0, 21
NBG_NGC_3507:       N, 3507, 165.864, 18.131, 1.9770e+07, 3.10e+00, 8.40e-01,  3, 1, 21
NBG_NGC_3511:       N, 3511, 165.811, -23.103, 1.5447e+07, 5.60e+00, 3.30e-01,  5, 0, 54
NBG_NGC_3510:       N, 3510, 165.929, 28.880, 7.8962e+06, 2.90e+00, 2.50e-01,  9, 1, 15
NBG_NGC_3513:       N, 3513, 165.936, -23.236, 1.7019e+07, 3.20e+00, 8.30e-01,  5, 1, 54
NBG_NGC_3512:       N, 3512, 166.003, 28.030, 2.4936e+07, 1.50e+00, 9.70e-01,  5, 0, 21
NBG_TULLY_960:      T, 960, 166.229, 29.130, 6.9455e+06, 5.00e-01, 8.90e-01, 14, 0, 15
NBG_NGC_3521:       N, 3521, 166.441, -0.037, 7.1729e+06, 1.05e+01, 5.60e-01,  4, 0, 15
NBG_UGC_6151:       U, 6151, 166.465, 19.813, 2.4326e+07, 1.90e+00, 1.00e+00,  9, 0, 21
NBG_NGC_3516:       N, 3516, 166.703, 72.563, 3.8894e+07, 2.30e+00, 8.60e-01, -2, 1, 42
NBG_UGC_6157:       U, 6157, 166.587, 17.496, 4.3022e+07, 1.80e+00, 9.00e-01,  8, 0, 32
NBG_UGC_6162:       U, 6162, 166.698, 51.196, 3.4688e+07, 2.10e+00, 5.20e-01,  6, 0, 13
NBG_UGC_6161:       U, 6161, 166.704, 43.730, 1.2290e+07, 2.60e+00, 5.70e-01,  8, 1, 15
NBG_UGC_6171:       U, 6171, 166.813, 18.563, 2.2960e+07, 1.90e+00, 2.80e-01, 10, 0, 21
NBG_TULLY_968:      T, 968, 166.948, -46.521, 1.3434e+07, 3.50e+00, 3.60e-01, 3, 0, 54
NBG_TULLY_969:      T, 969, 167.232, -28.371, 2.1335e+07, 2.70e+00, 2.20e-01, 10, 0, 22
NBG_TULLY_970:      T, 970, 167.393, -37.355, 3.8132e+07, 2.20e+00, 2.40e-01, -5, 0, 31
NBG_NGC_3547:       N, 3547, 167.478, 10.729, 2.6477e+07, 1.80e+00, 4.70e-01,  5, 0, 21
NBG_TULLY_972:      T, 972, 167.489, -23.705, 2.9579e+07, 3.20e+00, 8.50e-01, 3, 0, 22
NBG_NGC_3557:       N, 3557, 167.493, -37.538, 4.1573e+07, 3.70e+00, 7.80e-01, -5, 0, 31
NBG_NGC_3549:       N, 3549, 167.748, 53.395, 4.3004e+07, 2.50e+00, 3.50e-01,  5, 0, 12
NBG_NGC_3564:       N, 3564, 167.644, -37.555, 3.7579e+07, 1.90e+00, 5.70e-01, -2, 0, 31
NBG_TULLY_976:      T, 976, 167.646, -49.105, 3.5213e+07, 2.50e+00, 6.70e-01, 3, 0, 31
NBG_NGC_3568:       N, 3568, 167.694, -37.455, 3.2737e+07, 2.30e+00, 3.70e-01,  3, 1, 31
NBG_NGC_3556:       N, 3556, 167.904, 55.678, 1.4091e+07, 5.90e+00, 2.90e-01,  6, 1, 12
NBG_UGC_6251:       U, 6251, 168.345, 53.594, 1.8083e+07, 1.80e+00, 7.60e-01,  9, 0, 12
NBG_NGC_3585:       N, 3585, 168.312, -26.756, 2.1562e+07, 4.20e+00, 5.80e-01, -5, 0, 22
NBG_UGC_6258:       U, 6258, 168.463, 21.511, 2.6091e+07, 1.60e+00, 2.80e-01, 10, 0, 21
NBG_TULLY_982:      T, 982, 168.289, -69.272, 1.6335e+07, 2.70e+00, 1.80e-01, 3, 0, 53
NBG_NGC_3583:       N, 3583, 168.555, 48.328, 3.3939e+07, 2.50e+00, 7.60e-01,  3, 1, 13
NBG_NGC_3593:       N, 3593, 168.654, 12.811, 5.5687e+06, 4.00e+00, 4.50e-01,  0, 0, 15
NBG_NGC_3596:       N, 3596, 168.756, 14.794, 2.3022e+07, 4.10e+00, 1.00e+00,  5, 0, 21
NBG_NGC_3600:       N, 3600, 168.940, 41.594, 1.0521e+07, 3.00e+00, 2.80e-01,  1, 0, 15
NBG_TULLY_987:      T, 987, 168.979, -33.956, 4.0118e+07, 2.10e+00, 4.50e-01, 3, 0, 31
NBG_NGC_3605:       N, 3605, 169.183, 18.027, 1.6771e+07, 1.20e+00, 5.20e-01, -5, 0, 21
NBG_NGC_3607:       N, 3607, 169.233, 18.060, 1.9899e+07, 4.90e+00, 9.00e-01, -2, 0, 21
NBG_NGC_3608:       N, 3608, 169.258, 18.160, 2.3348e+07, 3.20e+00, 8.40e-01, -5, 0, 21
NBG_NGC_3611:       N, 3611, 169.370, 4.560, 2.7233e+07, 2.70e+00, 1.00e+00,  1, 0, 21
NBG_NGC_3614:       N, 3614, 169.569, 45.760, 3.6433e+07, 3.90e+00, 6.40e-01,  5, 0, 13
NBG_NGC_3610:       N, 3610, 169.602, 58.793, 2.9282e+07, 2.60e+00, 9.60e-01, -5, 0, 12
NBG_UGC_6320:       U, 6320, 169.559, 18.843, 2.2655e+07, 1.20e+00, 9.20e-01, 13, 0, 21
NBG_NGC_3613:       N, 3613, 169.649, 57.993, 3.2933e+07, 3.20e+00, 5.40e-01, -5, 0, 12
NBG_NGC_3621:       N, 3621, 169.582, -32.840, 7.1309e+06, 1.38e+01, 5.00e-01,  7, 0, 15
NBG_NGC_3623:       N, 3623, 169.728, 13.110, 7.3171e+06, 6.30e+00, 2.80e-01,  1, 0, 15
NBG_NGC_3619:       N, 3619, 169.847, 57.760, 2.7854e+07, 3.60e+00, 7.70e-01,  0, 0, 12
NBG_NGC_3626:       N, 3626, 170.007, 18.360, 2.6271e+07, 2.80e+00, 7.30e-01, -2, 0, 21
NBG_UGC_6345:       U, 6345, 170.043, 2.526, 2.6865e+07, 2.30e+00, 6.40e-01, 10, 1, 21
NBG_NGC_3627:       N, 3627, 170.052, 13.009, 6.5833e+06, 6.90e+00, 5.10e-01,  3, 0, 15
NBG_NGC_3630:       N, 3630, 170.068, 2.959, 2.5861e+07, 1.70e+00, 4.40e-01, -2, 0, 21
NBG_NGC_3628:       N, 3628, 170.078, 13.609, 7.7259e+06, 1.06e+01, 2.20e-01,  3, 0, 15
NBG_NGC_3629:       N, 3629, 170.141, 26.959, 2.6829e+07, 2.00e+00, 7.80e-01,  6, 0, 21
NBG_NGC_3637:       N, 3637, 170.157, -10.257, 2.8274e+07, 1.60e+00, 9.40e-01, -2, 1, 22
NBG_NGC_3631:       N, 3631, 170.281, 53.193, 2.1647e+07, 5.20e+00, 8.50e-01,  5, 0, 12
NBG_NGC_3640:       N, 3640, 170.269, 3.243, 2.4223e+07, 5.00e+00, 9.00e-01, -5, 0, 21
NBG_NGC_3642:       N, 3642, 170.570, 59.076, 2.7488e+07, 5.40e+00, 8.30e-01,  4, 0, 12
NBG_NGC_3652:       N, 3652, 170.652, 37.759, 3.3436e+07, 2.20e+00, 3.10e-01,  5, 1, 13
NBG_NGC_3655:       N, 3655, 170.730, 16.592, 2.6431e+07, 1.50e+00, 6.60e-01,  5, 0, 21
NBG_UGC_6399:       U, 6399, 170.847, 50.909, 1.6558e+07, 2.40e+00, 2.80e-01,  9, 0, 12
NBG_NGC_3656:       N, 3656, 170.903, 53.842, 4.2499e+07, 1.80e+00, 1.00e+00, -5, 0, 12
NBG_NGC_3659:       N, 3659, 170.930, 17.809, 2.4549e+07, 1.80e+00, 5.30e-01,  9, 1, 21
NBG_NGC_3657:       N, 3657, 170.976, 52.925, 2.2439e+07, 2.80e+00, 1.00e+00,  5, 0, 12
NBG_NGC_3664:       N, 3664, 171.093, 3.325, 2.4445e+07, 1.90e+00, 9.00e-01,  9, 1, 21
NBG_NGC_3666:       N, 3666, 171.100, 11.342, 1.7025e+07, 3.30e+00, 3.00e-01,  5, 0, 21
NBG_NGC_3665:       N, 3665, 171.176, 38.759, 3.2438e+07, 3.70e+00, 8.60e-01, -2, 0, 13
NBG_NGC_3672:       N, 3672, 171.258, -9.792, 2.8424e+07, 3.20e+00, 4.70e-01,  5, 0, 22
NBG_NGC_3669:       N, 3669, 171.360, 57.725, 3.1496e+07, 1.70e+00, 2.70e-01,  9, 0, 12
NBG_NGC_3673:       N, 3673, 171.294, -26.725, 2.7607e+07, 3.80e+00, 7.00e-01,  3, 1, 22
NBG_NGC_3675:       N, 3675, 171.556, 43.592, 1.2797e+07, 5.10e+00, 5.80e-01,  3, 0, 15
NBG_NGC_3681:       N, 3681, 171.604, 16.858, 2.4134e+07, 2.60e+00, 6.60e-01,  4, 0, 21
NBG_UGC_6446:       U, 6446, 171.648, 53.742, 1.5418e+07, 3.60e+00, 6.70e-01,  7, 0, 12
NBG_UGC_6447:       U, 6447, 171.686, 59.158, 2.3636e+07, 9.00e-01, 6.60e-01, 13, 0, 12
NBG_UGC_6448:       U, 6448, 171.703, 64.142, 1.9030e+07, 1.80e+00, 5.30e-01, 13, 0, 12
NBG_NGC_3684:       N, 3684, 171.803, 17.025, 2.3375e+07, 2.60e+00, 6.60e-01,  4, 0, 21
NBG_UGC_6456:       U, 6456, 172.003, 78.991, 1.3928e+06, 1.50e+00, 6.00e-01, 13, 0, 14
NBG_NGC_3683:       N, 3683, 171.879, 56.875, 2.8417e+07, 1.80e+00, 4.30e-01,  5, 1, 12
NBG_TULLY_1029:     T, 1029, 171.922, 53.908, 4.3478e+07, 0.00e+00, 0.00e+00, 13, 0, 12
NBG_NGC_3686:       N, 3686, 171.928, 17.225, 2.3567e+07, 2.80e+00, 7.90e-01,  4, 1, 21
NBG_NGC_3687:       N, 3687, 171.989, 29.508, 3.7176e+07, 1.90e+00, 1.00e+00,  1, 0, 13
NBG_NGC_3689:       N, 3689, 172.060, 25.658, 4.1201e+07, 1.70e+00, 6.30e-01,  5, 0, 13
NBG_TULLY_1033:     T, 1033, 172.011, -36.525, 3.9656e+07, 2.50e+00, 6.30e-01,  4, 1, 31
NBG_NGC_3694:       N, 3694, 172.219, 35.408, 3.5409e+07, 1.20e+00, 8.30e-01, 13, 0, 13
NBG_UGC_6491:       U, 6491, 172.343, 34.858, 3.8749e+07, 1.80e+00, 5.30e-01,  8, 0, 13
NBG_NGC_3706:       N, 3706, 172.438, -36.409, 4.0512e+07, 2.90e+00, 5.30e-01, -5, 0, 31
NBG_NGC_3705:       N, 3705, 172.522, 9.241, 1.7002e+07, 4.00e+00, 4.80e-01,  2, 0, 21
NBG_TULLY_1038:     T, 1038, 172.594, 36.741, 3.2579e+07, 0.00e+00, 0.00e+00, 12, 0, 13
NBG_NGC_3717:       N, 3717, 172.895, -30.309, 2.4547e+07, 4.50e+00, 1.90e-01,  2, 0, 22
NBG_NGC_3718:       N, 3718, 173.162, 53.074, 1.7863e+07, 8.30e+00, 4.90e-01,  1, 1, 12
NBG_UGC_6531:       U, 6531, 173.194, 39.074, 2.7355e+07, 2.00e+00, 1.00e+00,  8, 1, 13
NBG_UGC_6534:       U, 6534, 173.309, 63.291, 2.3007e+07, 2.20e+00, 3.00e-01,  6, 0, 12
NBG_TULLY_1043:     T, 1043, 173.340, 55.074, 2.8857e+07, 5.00e-01, 7.40e-01, 13, 0, 12
NBG_NGC_3726:       N, 3726, 173.352, 47.040, 1.6710e+07, 5.10e+00, 7.00e-01,  5, 0, 12
NBG_UGC_6541:       U, 6541, 173.380, 49.240, 3.9825e+06, 1.30e+00, 5.70e-01, 10, 0, 14
NBG_NGC_3729:       N, 3729, 173.460, 53.140, 1.8137e+07, 3.00e+00, 7.30e-01,  1, 1, 12
NBG_NGC_3732:       N, 3732, 173.560, -9.843, 2.6904e+07, 1.30e+00, 9.20e-01,  1, 0, 22
NBG_NGC_3733:       N, 3733, 173.736, 54.857, 2.2032e+07, 3.80e+00, 5.00e-01,  5, 0, 12
NBG_NGC_3738:       N, 3738, 173.934, 54.507, 4.3058e+06, 3.20e+00, 8.70e-01, 10, 0, 14
NBG_NGC_3735:       N, 3735, 174.028, 70.523, 4.0959e+07, 3.00e+00, 2.50e-01,  5, 0, 42
NBG_NGC_3755:       N, 3755, 174.138, 36.407, 2.7539e+07, 2.90e+00, 4.30e-01,  5, 0, 13
NBG_NGC_3756:       N, 3756, 174.182, 54.290, 2.3491e+07, 4.00e+00, 5.40e-01,  5, 0, 12
NBG_NGC_3769:       N, 3769, 174.423, 47.890, 1.5711e+07, 2.50e+00, 3.50e-01,  3, 1, 12
NBG_TULLY_1054:     T, 1054, 174.447, 47.890, 1.5579e+07, 9.00e-01, 3.70e-01,  9, 1, 12
NBG_NGC_3773:       N, 3773, 174.547, 12.106, 1.6961e+07, 1.50e+00, 8.00e-01, -2, 0, 21
NBG_NGC_3783:       N, 3783, 174.745, -37.744, 3.8439e+07, 1.70e+00, 9.40e-01,  1, 1, 31
NBG_NGC_3782:       N, 3782, 174.819, 46.506, 1.5865e+07, 1.30e+00, 5.40e-01,  6, 0, 12
NBG_UGC_6616:       U, 6616, 174.859, 58.273, 2.1623e+07, 2.80e+00, 8.20e-01,  7, 0, 12
NBG_NGC_3780:       N, 3780, 174.856, 56.256, 3.7233e+07, 2.80e+00, 8.20e-01,  5, 0, 12
NBG_NGC_3786:       N, 3786, 174.932, 31.906, 4.1566e+07, 1.90e+00, 5.40e-01,  1, 0, 13
NBG_NGC_3788:       N, 3788, 174.932, 31.940, 3.6467e+07, 1.50e+00, 3.70e-01,  2, 0, 13
NBG_UGC_6628:       U, 6628, 175.017, 45.923, 1.6734e+07, 3.30e+00, 1.00e+00,  9, 0, 12
NBG_UGC_6633:       U, 6633, 175.070, 9.006, 2.9605e+07, 1.10e+00, 2.80e-01, -2, 0, 21
NBG_UGC_6637:       U, 6637, 175.104, 28.390, 4.4008e+07, 9.00e-01, 4.80e-01, 13, 0, 13
NBG_TULLY_1065:     T, 1065, 175.136, -10.077, 2.7331e+07, 2.50e+00, 9.60e-01,  6, 0, 22
NBG_TULLY_1066:     T, 1066, 175.208, 35.206, 2.6951e+07, 7.00e-01, 5.30e-01, 10, 0, 13
NBG_NGC_3804:       N, 3804, 175.228, 56.190, 2.4680e+07, 2.30e+00, 7.10e-01,  5, 0, 12
NBG_NGC_3810:       N, 3810, 175.246, 11.473, 1.6848e+07, 3.60e+00, 7.10e-01,  5, 0, 21
NBG_NGC_3813:       N, 3813, 175.334, 36.539, 2.6335e+07, 1.90e+00, 6.10e-01,  5, 0, 13
NBG_TULLY_1070:     T, 1070, 175.388, -6.477, 2.7253e+07, 1.60e+00, 7.20e-01, 10, 0, 22
NBG_UGC_6655:       U, 6655, 175.448, 15.973, 1.7815e+07, 7.00e-01, 6.40e-01, 13, 0, 21
NBG_NGC_3818:       N, 3818, 175.488, -6.161, 2.5118e+07, 1.90e+00, 6.90e-01, -5, 0, 22
NBG_UGC_6667:       U, 6667, 175.595, 51.606, 1.7808e+07, 2.30e+00, 1.70e-01,  5, 0, 12
NBG_UGC_6670:       U, 6670, 175.598, 18.323, 1.7170e+07, 2.30e+00, 3.30e-01, 10, 1, 21
NBG_UGC_6682:       U, 6682, 175.778, 59.106, 2.3845e+07, 1.70e+00, 8.40e-01,  9, 0, 12
NBG_UGC_6706:       U, 6706, 176.046, 55.039, 2.5319e+07, 2.10e+00, 8.70e-01,  9, 0, 12
NBG_UGC_6711:       U, 6711, 176.122, 69.739, 3.9078e+07, 9.00e-01, 6.00e-01, 13, 0, 42
NBG_UGC_6713:       U, 6713, 176.114, 48.839, 1.7050e+07, 1.90e+00, 8.60e-01,  9, 0, 12
NBG_TULLY_1079:     T, 1079, 176.337, -10.094, 2.7225e+07, 2.10e+00, 2.90e-01,  4, 1, 22
NBG_NGC_3850:       N, 3850, 176.394, 55.872, 2.1842e+07, 1.90e+00, 4.90e-01,  5, 1, 12
NBG_NGC_3870:       N, 3870, 176.488, 50.222, 1.6240e+07, 1.10e+00, 7.90e-01, -2, 0, 12
NBG_NGC_3877:       N, 3877, 176.536, 47.489, 1.7070e+07, 3.80e+00, 2.50e-01,  5, 0, 12
NBG_NGC_3882:       N, 3882, 176.513, -56.394, 2.3526e+07, 3.20e+00, 6.00e-01,  5, 0, 23
NBG_TULLY_1084:     T, 1084, 176.603, 34.856, 2.5203e+07, 0.00e+00, 0.00e+00, 13, 0, 13
NBG_NGC_3885:       N, 3885, 176.706, -27.928, 2.7746e+07, 2.40e+00, 3.30e-01,  1, 0, 22
NBG_NGC_3887:       N, 3887, 176.786, -16.861, 1.9257e+07, 3.30e+00, 9.00e-01,  4, 1, 22
NBG_NGC_3888:       N, 3888, 176.891, 55.956, 3.7539e+07, 1.70e+00, 8.40e-01,  4, 0, 12
NBG_NGC_3892:       N, 3892, 177.013, -10.961, 2.7203e+07, 2.30e+00, 6.50e-01, -2, 1, 22
NBG_NGC_3893:       N, 3893, 177.183, 48.722, 1.7641e+07, 3.80e+00, 5.70e-01,  5, 0, 12
NBG_UGC_6782:       U, 6782, 177.222, 23.839, 5.0498e+06, 2.00e+00, 1.00e+00, 10, 0, 14
NBG_UGC_6780:       U, 6780, 177.215, -2.028, 2.8373e+07, 2.60e+00, 3.30e-01,  7, 0, 22
NBG_TULLY_1092:     T, 1092, 177.208, -28.295, 2.7569e+07, 3.00e+00, 9.40e-01,  9, 1, 22
NBG_NGC_3900:       N, 3900, 177.298, 27.022, 2.9385e+07, 3.10e+00, 5.20e-01, -2, 0, 13
NBG_NGC_3904:       N, 3904, 177.308, -29.278, 2.3381e+07, 2.20e+00, 7.20e-01, -5, 0, 22
NBG_NGC_3898:       N, 3898, 177.337, 56.089, 2.1908e+07, 4.40e+00, 7.50e-01,  2, 0, 12
NBG_NGC_3912:       N, 3912, 177.522, 26.489, 2.9978e+07, 1.70e+00, 6.00e-01,  1, 0, 13
NBG_NGC_3913:       N, 3913, 177.660, 55.355, 1.7655e+07, 2.80e+00, 9.40e-01,  7, 0, 12
NBG_TULLY_1098:     T, 1098, 177.591, -75.378, 2.2492e+07, 2.40e+00, 5.70e-01, 10, 0, 53
NBG_UGC_6816:       U, 6816, 177.685, 56.455, 1.7378e+07, 1.60e+00, 8.30e-01, 10, 1, 12
NBG_NGC_3917:       N, 3917, 177.707, 51.839, 1.7773e+07, 3.50e+00, 2.60e-01,  6, 0, 12
NBG_UGC_6817:       U, 6817, 177.701, 38.872, 3.1064e+06, 3.70e+00, 4.70e-01, 10, 0, 14
NBG_UGC_6818:       U, 6818, 177.704, 45.805, 1.6435e+07, 1.80e+00, 4.70e-01, 13, 0, 12
NBG_NGC_3923:       N, 3923, 177.759, -28.811, 2.5744e+07, 3.80e+00, 7.00e-01, -5, 0, 22
NBG_NGC_3930:       N, 3930, 177.925, 38.005, 1.8470e+07, 4.00e+00, 8.00e-01,  5, 0, 12
NBG_NGC_3928:       N, 3928, 177.954, 48.689, 1.7735e+07, 1.60e+00, 1.00e+00, 13, 0, 12
NBG_UGC_6840:       U, 6840, 178.030, 52.105, 1.8052e+07, 2.80e+00, 8.50e-01,  9, 1, 12
NBG_TULLY_1107:     T, 1107, 178.098, 34.889, 3.4614e+07, 0.00e+00, 0.00e+00, 13, 0, 13
NBG_NGC_3936:       N, 3936, 178.110, -26.911, 2.8962e+07, 3.20e+00, 1.60e-01,  5, 0, 22
NBG_NGC_3924:       N, 3924, 178.153, 50.022, 1.7908e+07, 1.90e+00, 9.50e-01,  9, 0, 12
NBG_TULLY_1110:     T, 1110, 178.140, -3.661, 2.7504e+07, 1.40e+00, 8.60e-01, 10, 0, 22
NBG_NGC_3938:       N, 3938, 178.201, 44.122, 1.6353e+07, 4.90e+00, 9.50e-01,  5, 0, 12
NBG_NGC_3941:       N, 3941, 178.223, 36.989, 1.8913e+07, 3.60e+00, 7.00e-01, -2, 1, 12
NBG_NGC_3945:       N, 3945, 178.308, 60.672, 2.2448e+07, 5.90e+00, 6.30e-01, -2, 1, 12
NBG_TULLY_1114:     T, 1114, 178.361, -28.545, 2.4712e+07, 3.10e+00, 1.50e-01,  8, 0, 22
NBG_NGC_3952:       N, 3952, 178.415, -3.995, 2.7017e+07, 9.00e-01, 3.30e-01,  9, 0, 22
NBG_NGC_3949:       N, 3949, 178.426, 47.855, 1.6408e+07, 2.50e+00, 6.40e-01,  4, 0, 12
NBG_NGC_3953:       N, 3953, 178.453, 52.339, 1.8370e+07, 5.20e+00, 5.60e-01,  5, 1, 12
NBG_NGC_3956:       N, 3956, 178.487, -20.578, 2.5145e+07, 3.40e+00, 3.00e-01,  5, 0, 22
NBG_NGC_3955:       N, 3955, 178.487, -23.162, 2.0602e+07, 2.60e+00, 2.90e-01, 13, 0, 22
NBG_NGC_3957:       N, 3957, 178.513, -19.578, 2.7430e+07, 2.50e+00, 1.80e-01, -2, 0, 22
NBG_UGC_6877:       U, 6877, 178.566, 0.138, 1.5395e+07, 9.00e-01, 8.90e-01, 13, 0, 22
NBG_NGC_3962:       N, 3962, 178.664, -13.978, 2.7956e+07, 3.30e+00, 9.10e-01, -5, 0, 22
NBG_TULLY_1123:     T, 1123, 178.713, -16.862, 2.7555e+07, 1.70e+00, 4.90e-01,  8, 0, 22
NBG_UGC_6900:       U, 6900, 178.895, 31.538, 5.8686e+06, 1.80e+00, 6.40e-01, 10, 0, 14
NBG_NGC_3972:       N, 3972, 178.926, 55.322, 1.6952e+07, 2.90e+00, 2.80e-01,  4, 0, 12
NBG_UGC_6903:       U, 6903, 178.916, 1.255, 3.0488e+07, 2.40e+00, 8.90e-01,  6, 0, 22
NBG_NGC_3976:       N, 3976, 178.991, 6.755, 3.7739e+07, 2.70e+00, 3.50e-01,  5, 0, 11
NBG_NGC_3981:       N, 3981, 179.038, -19.878, 2.5956e+07, 8.40e+00, 6.70e-01,  4, 0, 22
NBG_UGC_6912:       U, 6912, 179.076, 58.188, 2.4373e+07, 2.10e+00, 5.00e-01, 13, 0, 12
NBG_UGC_6917:       U, 6917, 179.123, 50.422, 1.7290e+07, 4.10e+00, 6.60e-01,  9, 1, 12
NBG_NGC_3982:       N, 3982, 179.124, 55.122, 1.8921e+07, 2.40e+00, 9.20e-01,  4, 0, 12
NBG_NGC_3985:       N, 3985, 179.172, 48.322, 8.2910e+06, 1.20e+00, 6.70e-01,  9, 1, 14
NBG_UGC_6923:       U, 6923, 179.198, 53.172, 1.8698e+07, 1.80e+00, 4.00e-01, 10, 0, 12
NBG_UGC_6930:       U, 6930, 179.321, 49.272, 1.6357e+07, 4.10e+00, 9.60e-01,  7, 0, 12
NBG_NGC_3992:       N, 3992, 179.397, 53.372, 1.8354e+07, 6.60e+00, 5.90e-01,  4, 1, 12
NBG_NGC_3990:       N, 3990, 179.397, 55.455, 1.6099e+07, 1.40e+00, 5.90e-01, -2, 0, 12
NBG_NGC_3998:       N, 3998, 179.472, 55.455, 2.1592e+07, 3.20e+00, 8.40e-01, -2, 0, 12
NBG_UGC_6955:       U, 6955, 179.593, 38.072, 1.8727e+07, 4.80e+00, 5.30e-01, 10, 0, 12
NBG_UGC_6956:       U, 6956, 179.595, 50.922, 1.7248e+07, 2.60e+00, 9.30e-01,  9, 1, 12
NBG_TULLY_1140:     T, 1140, 179.614, -22.462, 2.6503e+07, 3.00e+00, 6.50e-01, 10, 0, 22
NBG_NGC_4024:       N, 4024, 179.640, -18.345, 2.5931e+07, 1.80e+00, 9.00e-01, -5, 0, 22
NBG_NGC_4010:       N, 4010, 179.644, 47.255, 1.7099e+07, 2.80e+00, 2.60e-01,  9, 0, 12
NBG_NGC_4013:       N, 4013, 179.644, 43.955, 1.6511e+07, 3.50e+00, 2.60e-01,  4, 0, 12
NBG_UGC_6962:       U, 6962, 179.644, 42.738, 1.6223e+07, 2.40e+00, 8.50e-01,  6, 0, 12
NBG_NGC_4020:       N, 4020, 179.717, 30.405, 8.0660e+06, 1.80e+00, 5.30e-01,  7, 0, 14
NBG_UGC_6973:       U, 6973, 179.718, 42.722, 1.5686e+07, 2.60e+00, 5.20e-01,  2, 0, 12
NBG_TULLY_1147:     T, 1147, 179.719, 45.722, 1.8842e+07, 1.20e+00, 8.30e-01, 10, 0, 12
NBG_UGC_6983:       U, 6983, 179.794, 52.705, 1.8518e+07, 3.80e+00, 7.50e-01,  6, 1, 12
NBG_NGC_4027:       N, 4027, 179.865, -19.262, 2.5607e+07, 3.20e+00, 7.70e-01,  8, 1, 22
NBG_NGC_4026:       N, 4026, 179.868, 50.955, 1.7121e+07, 3.70e+00, 2.60e-01, -2, 0, 12
NBG_NGC_4030:       N, 4030, 180.091, -1.095, 2.5866e+07, 3.80e+00, 7.80e-01,  4, 0, 22
NBG_NGC_4033:       N, 4033, 180.140, -17.845, 2.3910e+07, 2.20e+00, 4.80e-01, -5, 0, 22
NBG_UGC_6998:       U, 6998, 180.216, -0.028, 3.0963e+07, 1.80e+00, 8.00e-01,  9, 0, 22
NBG_TULLY_1154:     T, 1154, 180.291, -24.562, 2.6562e+07, 1.70e+00, 1.80e-01,  8, 0, 22
NBG_NGC_4037:       N, 4037, 180.341, 13.388, 1.7164e+07, 2.70e+00, 9.00e-01,  5, 1, 11
NBG_UGC_7007:       U, 7007, 180.366, 33.338, 8.8170e+06, 2.00e+00, 1.00e+00,  9, 0, 14
NBG_NGC_4036:       N, 4036, 180.365, 61.888, 2.4566e+07, 3.30e+00, 4.00e-01, -2, 0, 12
NBG_UGC_7009:       U, 7009, 180.440, 62.338, 2.1220e+07, 1.40e+00, 3.40e-01, 10, 0, 12
NBG_NGC_4038:       N, 4038, 180.466, -18.862, 2.5587e+07, 9.90e+00, 5.30e-01, 10, 1, 22
NBG_NGC_4039:       N, 4039, 180.466, -18.878, 2.5288e+07, 8.40e+00, 4.60e-01, 10, 0, 22
NBG_NGC_4041:       N, 4041, 180.563, 62.138, 2.2674e+07, 2.70e+00, 1.00e+00,  4, 0, 12
NBG_UGC_7020:       U, 7020, 180.662, 64.372, 2.5414e+07, 1.20e+00, 5.20e-01, -2, 0, 12
NBG_NGC_4045:       N, 4045, 180.691, 1.988, 3.1416e+07, 2.70e+00, 7.00e-01,  4, 0, 22
NBG_NGC_4050:       N, 4050, 180.741, -16.362, 2.8761e+07, 2.30e+00, 7.30e-01,  3, 1, 22
NBG_NGC_4051:       N, 4051, 180.788, 44.522, 1.5638e+07, 5.20e+00, 8.50e-01,  4, 0, 12
NBG_NGC_4061:       N, 4061, 181.014, 20.222, 1.4605e+07, 1.30e+00, 7.60e-01, -5, 0, 11
NBG_NGC_4062:       N, 4062, 181.014, 31.905, 9.4810e+06, 3.80e+00, 4.60e-01,  5, 0, 14
NBG_NGC_4068:       N, 4068, 181.011, 52.588, 3.8131e+06, 2.60e+00, 6.40e-01, 10, 0, 14
NBG_NGC_4065:       N, 4065, 181.039, 20.222, 1.6022e+07, 1.30e+00, 9.20e-01, -5, 0, 11
NBG_NGC_4064:       N, 4064, 181.040, 18.438, 1.6985e+07, 3.40e+00, 4.70e-01,  1, 1, 11
NBG_UGC_7056:       U, 7056, 181.059, 62.505, 2.3256e+07, 2.00e+00, 9.50e-01,  6, 1, 12
NBG_UGC_7053:       U, 7053, 181.091, -1.528, 2.5918e+07, 1.80e+00, 8.50e-01, 10, 0, 22
NBG_TULLY_1173:     T, 1173, 181.193, -28.128, 2.5852e+07, 2.50e+00, 8.30e-01,  9, 0, 22
NBG_NGC_4085:       N, 4085, 181.335, 50.355, 1.6018e+07, 2.10e+00, 3.40e-01,  5, 0, 12
NBG_NGC_4088:       N, 4088, 181.384, 50.538, 1.6291e+07, 4.40e+00, 4.10e-01,  5, 0, 12
NBG_TULLY_1176:     T, 1176, 181.444, -27.945, 2.6759e+07, 2.50e+00, 2.50e-01,  5, 1, 22
NBG_NGC_4094:       N, 4094, 181.467, -14.545, 2.3302e+07, 3.40e+00, 4.10e-01,  6, 0, 22
NBG_UGC_7089:       U, 7089, 181.485, 43.138, 1.6199e+07, 2.50e+00, 2.90e-01,  9, 0, 12
NBG_TULLY_1179:     T, 1179, 181.518, -22.845, 2.5728e+07, 3.30e+00, 8.60e-01, 10, 1, 22
NBG_NGC_4096:       N, 4096, 181.509, 47.472, 8.7607e+06, 4.90e+00, 2.80e-01,  5, 0, 14
NBG_NGC_4100:       N, 4100, 181.534, 49.588, 1.8451e+07, 4.20e+00, 3.80e-01,  5, 0, 12
NBG_NGC_4102:       N, 4102, 181.583, 52.705, 1.7025e+07, 2.80e+00, 6.30e-01,  3, 0, 12
NBG_NGC_4105:       N, 4105, 181.669, -29.762, 2.7133e+07, 2.00e+00, 7.40e-01, -5, 0, 22
NBG_NGC_4106:       N, 4106, 181.694, -29.762, 3.0592e+07, 1.80e+00, 6.50e-01, -2, 1, 22
NBG_NGC_4111:       N, 4111, 181.759, 43.072, 1.6298e+07, 3.40e+00, 2.30e-01, -2, 0, 12
NBG_TULLY_1186:     T, 1186, 181.835, 39.805, 1.7493e+07, 1.40e+00, 8.60e-01, 10, 0, 12
NBG_NGC_4116:       N, 4116, 181.915, 2.688, 2.5109e+07, 3.30e+00, 6.90e-01,  8, 1, 22
NBG_TULLY_1188:     T, 1188, 181.946, 67.389, 3.5402e+07, 8.00e-01, 1.00e+00, 13, 0, 42
NBG_NGC_4121:       N, 4121, 181.973, 65.122, 2.5507e+07, 5.00e-01, 8.80e-01, -5, 0, 12
NBG_NGC_4124:       N, 4124, 182.039, 10.372, 1.7739e+07, 3.80e+00, 4.60e-01, -2, 0, 11
NBG_NGC_4123:       N, 4123, 182.040, 2.888, 2.5293e+07, 4.40e+00, 8.20e-01,  4, 1, 22
NBG_NGC_4125:       N, 4125, 182.023, 65.172, 2.4211e+07, 6.40e+00, 8.40e-01, -5, 0, 12
NBG_NGC_4127:       N, 4127, 182.103, 76.805, 2.9832e+07, 2.80e+00, 5.40e-01,  4, 0, 42
NBG_NGC_4128:       N, 4128, 182.143, 68.772, 3.6350e+07, 2.30e+00, 3.80e-01, -2, 0, 42
NBG_UGC_7125:       U, 7125, 182.184, 36.805, 2.2065e+07, 3.10e+00, 2.00e-01,  9, 0, 12
NBG_NGC_4129:       N, 4129, 182.217, -9.045, 2.1138e+07, 1.70e+00, 2.50e-01,  5, 0, 22
NBG_NGC_4136:       N, 4136, 182.310, 29.922, 9.4478e+06, 4.00e+00, 1.00e+00,  5, 0, 14
NBG_NGC_4138:       N, 4138, 182.381, 43.689, 1.8142e+07, 2.80e+00, 6.00e-01, -2, 0, 12
NBG_NGC_4142:       N, 4142, 182.377, 53.105, 2.2169e+07, 1.90e+00, 5.40e-01,  6, 1, 12
NBG_NGC_4143:       N, 4143, 182.406, 42.539, 1.6116e+07, 2.90e+00, 6.30e-01, -2, 0, 12
NBG_NGC_4145:       N, 4145, 182.507, 39.889, 2.0674e+07, 5.40e+00, 6.90e-01,  7, 0, 12
NBG_NGC_4144:       N, 4144, 182.504, 46.455, 4.0963e+06, 4.80e+00, 2.80e-01,  6, 0, 14
NBG_TULLY_1203:     T, 1203, 182.572, -29.745, 3.0144e+07, 3.80e+00, 3.30e-01,  5, 0, 22
NBG_NGC_4150:       N, 4150, 182.634, 30.405, 8.6631e+06, 2.00e+00, 6.70e-01, -2, 0, 14
NBG_NGC_4151:       N, 4151, 182.631, 39.405, 2.0333e+07, 6.10e+00, 8.70e-01,  2, 0, 12
NBG_UGC_7164:       U, 7164, 182.609, 70.505, 3.3868e+07, 1.80e+00, 8.50e-01,  9, 0, 42
NBG_NGC_4152:       N, 4152, 182.662, 16.039, 3.4525e+07, 2.20e+00, 8.80e-01,  5, 0, 13
NBG_UGC_7170:       U, 7170, 182.662, 18.822, 3.7807e+07, 2.00e+00, 9.00e-02,  5, 0, 13
NBG_UGC_7168:       U, 7168, 182.634, 70.372, 3.4513e+07, 1.00e+00, 2.20e-01, 13, 0, 42
NBG_NGC_4156:       N, 4156, 182.706, 39.472, 1.5507e+07, 1.50e+00, 9.40e-01,  3, 1, 12
NBG_UGC_7175:       U, 7175, 182.731, 39.755, 2.2931e+07, 1.60e+00, 2.80e-01,  9, 0, 12
NBG_UGC_7178:       U, 7178, 182.765, 2.005, 2.5342e+07, 1.50e+00, 7.00e-01, 10, 0, 22
NBG_NGC_4158:       N, 4158, 182.786, 20.172, 3.8918e+07, 1.70e+00, 9.50e-01,  0, 0, 13
NBG_NGC_4157:       N, 4157, 182.776, 50.489, 1.6266e+07, 4.90e+00, 2.00e-01,  3, 0, 12
NBG_TULLY_1215:     T, 1215, 182.912, 16.489, 3.8012e+07, 0.00e+00, 0.00e+00, 13, 0, 13
NBG_NGC_4162:       N, 4162, 182.960, 24.122, 3.8458e+07, 2.20e+00, 6.00e-01,  4, 0, 13
NBG_NGC_4163:       N, 4163, 183.031, 36.172, 2.1378e+06, 2.10e+00, 9.60e-01, 10, 0, 14
NBG_NGC_4168:       N, 4168, 183.063, 13.205, 1.9043e+07, 3.00e+00, 7.80e-01, -5, 0, 11
NBG_UGC_7207:       U, 7207, 183.081, 37.022, 2.1655e+07, 2.10e+00, 5.20e-01, 10, 0, 12
NBG_NGC_4173:       N, 4173, 183.083, 29.189, 9.9368e+06, 3.30e+00, 1.90e-01,  7, 1, 14
NBG_UGC_7209:       U, 7209, 183.138, 12.122, 1.8722e+07, 2.30e+00, 7.10e-01,  4, 0, 11
NBG_NGC_4178:       N, 4178, 183.188, 10.872, 1.5616e+07, 4.00e+00, 3.50e-01,  8, 1, 11
NBG_NGC_4179:       N, 4179, 183.215, 1.305, 2.4432e+07, 3.20e+00, 2.80e-01, -2, 0, 22
NBG_TULLY_1224:     T, 1224, 183.246, -20.411, 2.4011e+07, 1.50e+00, 6.00e-01, 10, 0, 22
NBG_UGC_7218:       U, 7218, 183.222, 52.272, 1.6511e+07, 1.30e+00, 5.40e-01, 10, 0, 12
NBG_NGC_4183:       N, 4183, 183.327, 43.689, 1.7295e+07, 3.60e+00, 1.40e-01,  6, 0, 12
NBG_NGC_4192:       N, 4192, 183.437, 14.889, 1.4862e+07, 6.60e+00, 2.60e-01,  2, 0, 11
NBG_NGC_4190:       N, 4190, 183.429, 36.639, 2.7677e+06, 1.90e+00, 9.50e-01, 10, 0, 14
NBG_NGC_4189:       N, 4189, 183.437, 13.439, 1.8514e+07, 2.50e+00, 8.30e-01,  6, 0, 11
NBG_UGC_7239:       U, 7239, 183.539, 7.772, 2.4891e+07, 2.40e+00, 9.30e-01, 10, 0, 11
NBG_NGC_4194:       N, 4194, 183.544, 54.522, 3.9166e+07, 2.30e+00, 7.00e-01, -2, 1, 42
NBG_UGC_7249:       U, 7249, 183.662, 12.805, 1.5996e+07, 1.20e+00, 4.00e-01, 10, 0, 11
NBG_TULLY_1233:     T, 1233, 183.677, -35.528, 3.6521e+07, 2.80e+00, 6.50e-01,  5, 1, 23
NBG_UGC_7257:       U, 7257, 183.754, 35.956, 2.0149e+07, 1.50e+00, 6.60e-01,  9, 0, 12
NBG_NGC_4203:       N, 4203, 183.780, 33.206, 9.9000e+06, 3.40e+00, 9.30e-01, -2, 0, 14
NBG_NGC_4204:       N, 4204, 183.809, 20.656, 7.9316e+06, 4.40e+00, 1.00e+00,  8, 1, 14
NBG_NGC_4206:       N, 4206, 183.812, 13.022, 1.6181e+07, 3.70e+00, 1.90e-01,  4, 0, 11
NBG_TULLY_1238:     T, 1238, 183.839, 5.756, 3.4551e+07, 5.00e-01, 6.70e-01, -5, 0, 11
NBG_UGC_7267:       U, 7267, 183.844, 51.372, 7.7801e+06, 1.70e+00, 4.40e-01,  9, 0, 14
NBG_UGC_7271:       U, 7271, 183.874, 43.422, 7.4800e+06, 1.90e+00, 3.90e-01,  7, 1, 14
NBG_NGC_4212:       N, 4212, 183.911, 13.906, 1.4816e+07, 2.80e+00, 5.90e-01,  4, 0, 11
NBG_NGC_4214:       N, 4214, 183.903, 36.322, 3.4728e+06, 9.30e+00, 8.40e-01, 10, 0, 14
NBG_UGC_7279:       U, 7279, 183.937, 10.689, 1.8301e+07, 1.60e+00, 1.10e-01,  9, 0, 11
NBG_NGC_4217:       N, 4217, 183.947, 47.089, 1.8085e+07, 4.00e+00, 3.30e-01,  3, 0, 12
NBG_NGC_4218:       N, 4218, 183.946, 48.139, 2.5359e+07, 1.00e+00, 5.70e-01, -2, 0, 12
NBG_NGC_4215:       N, 4215, 183.989, 6.406, 3.4840e+07, 1.50e+00, 4.30e-01, -2, 0, 11
NBG_NGC_4216:       N, 4216, 183.986, 13.156, 1.5156e+07, 5.70e+00, 2.10e-01,  3, 0, 11
NBG_NGC_4220:       N, 4220, 184.046, 47.889, 1.7750e+07, 3.40e+00, 3.90e-01, -2, 0, 12
NBG_TULLY_1249:     T, 1249, 184.094, -11.544, 2.0564e+07, 1.10e+00, 1.70e-01, 10, 0, 22
NBG_NGC_4219:       N, 4219, 184.108, -43.328, 2.7101e+07, 3.60e+00, 3.20e-01,  4, 0, 23
NBG_NGC_4224:       N, 4224, 184.138, 7.456, 3.5769e+07, 1.70e+00, 4.90e-01,  1, 0, 11
NBG_UGC_7300:       U, 7300, 184.155, 28.722, 1.0025e+07, 1.80e+00, 1.00e+00, 10, 0, 14
NBG_NGC_4236:       N, 4236, 184.165, 69.472, 2.2293e+06, 1.61e+01, 3.90e-01,  8, 1, 14
NBG_NGC_4235:       N, 4235, 184.288, 7.189, 3.5607e+07, 2.80e+00, 2.50e-01,  1, 0, 11
NBG_NGC_4233:       N, 4233, 184.288, 7.622, 3.5101e+07, 2.20e+00, 5.00e-01, -2, 0, 11
NBG_NGC_4234:       N, 4234, 184.289, 3.689, 3.2943e+07, 1.30e+00, 9.20e-01, 10, 0, 11
NBG_TULLY_1257:     T, 1257, 184.295, -11.694, 2.2072e+07, 1.00e+00, 4.90e-01, 10, 0, 22
NBG_UGC_7307:       U, 7307, 184.287, 10.006, 1.6904e+07, 2.00e+00, 1.00e+00, 10, 0, 11
NBG_NGC_4237:       N, 4237, 184.310, 15.322, 1.6557e+07, 2.10e+00, 6.70e-01,  5, 0, 11
NBG_NGC_4242:       N, 4242, 184.346, 45.622, 7.5512e+06, 4.80e+00, 7.00e-01,  8, 0, 14
NBG_UGC_7321:       U, 7321, 184.382, 22.539, 3.8105e+06, 3.60e+00, 7.00e-02,  6, 0, 14
NBG_NGC_4244:       N, 4244, 184.375, 37.806, 3.0610e+06, 1.11e+01, 1.10e-01,  6, 0, 14
NBG_NGC_4245:       N, 4245, 184.404, 29.606, 9.7252e+06, 3.30e+00, 9.50e-01,  0, 1, 14
NBG_NGC_4248:       N, 4248, 184.469, 47.406, 7.3498e+06, 2.60e+00, 4.50e-01, 13, 0, 14
NBG_UGC_7332:       U, 7332, 184.490, 0.439, 1.7542e+07, 2.10e+00, 6.80e-01, 10, 0, 11
NBG_NGC_4251:       N, 4251, 184.530, 28.172, 9.8189e+06, 3.50e+00, 5.80e-01, -2, 1, 14
NBG_TULLY_1267:     T, 1267, 184.705, -79.728, 3.1401e+06, 2.40e+00, 5.70e-01,  6, 0, 14
NBG_NGC_4254:       N, 4254, 184.710, 14.423, 1.9048e+07, 5.00e+00, 8.70e-01,  5, 0, 11
NBG_NGC_4256:       N, 4256, 184.693, 65.906, 3.9044e+07, 3.00e+00, 2.10e-01,  3, 0, 42
NBG_UGC_7352:       U, 7352, 184.762, 8.856, 1.9102e+07, 1.90e+00, 5.60e-01,  8, 0, 11
NBG_NGC_4258:       N, 4258, 184.742, 47.306, 6.7779e+06, 1.42e+01, 4.20e-01,  4, 0, 14
NBG_UGC_7354:       U, 7354, 184.789, 3.856, 1.4614e+07, 6.00e-01, 8.10e-01, -5, 0, 11
NBG_TULLY_1273:     T, 1273, 184.810, 13.873, 1.4602e+07, 0.00e+00, 0.00e+00, 13, 0, 11
NBG_NGC_4260:       N, 4260, 184.838, 6.106, 3.4461e+07, 2.00e+00, 5.90e-01,  1, 1, 11
NBG_NGC_4261:       N, 4261, 184.838, 5.823, 3.5050e+07, 3.90e+00, 9.30e-01, -5, 0, 11
NBG_NGC_4262:       N, 4262, 184.885, 14.873, 1.7295e+07, 2.10e+00, 9.50e-01, -2, 1, 11
NBG_NGC_4267:       N, 4267, 184.936, 12.806, 1.7120e+07, 2.80e+00, 9.40e-01, -2, 1, 11
NBG_NGC_4270:       N, 4270, 184.963, 5.473, 3.5321e+07, 1.70e+00, 4.90e-01, -2, 0, 11
NBG_NGC_4273:       N, 4273, 184.989, 5.339, 3.5239e+07, 2.30e+00, 6.30e-01,  5, 1, 11
NBG_NGC_4275:       N, 4275, 184.979, 27.623, 3.6731e+07, 1.00e+00, 1.00e+00, 12, 0, 13
NBG_NGC_4274:       N, 4274, 184.978, 29.606, 9.7257e+06, 5.50e+00, 4.10e-01,  2, 1, 14
NBG_NGC_4278:       N, 4278, 185.028, 29.289, 9.4260e+06, 3.80e+00, 1.00e+00, -5, 0, 14
NBG_TULLY_1283:     T, 1283, 185.086, 12.189, 1.5414e+07, 0.00e+00, 0.00e+00, 13, 0, 11
NBG_NGC_4281:       N, 4281, 185.088, 5.389, 3.5761e+07, 2.70e+00, 5.50e-01, -2, 0, 11
NBG_NGC_4283:       N, 4283, 185.078, 29.306, 9.9247e+06, 1.20e+00, 1.00e+00, -5, 0, 14
NBG_NGC_4291:       N, 4291, 185.076, 75.373, 2.9377e+07, 2.10e+00, 8.50e-01, -5, 0, 42
NBG_NGC_4288:       N, 4288, 185.166, 46.306, 8.0112e+06, 2.60e+00, 6.40e-01,  7, 1, 14
NBG_NGC_4290:       N, 4290, 185.202, 58.089, 4.2163e+07, 2.30e+00, 7.80e-01,  3, 1, 42
NBG_NGC_4293:       N, 4293, 185.308, 18.389, 1.7025e+07, 5.40e+00, 4.90e-01,  0, 1, 11
NBG_UGC_7408:       U, 7408, 185.316, 45.823, 6.7000e+06, 2.40e+00, 6.30e-01, 10, 0, 14
NBG_NGC_4294:       N, 4294, 185.336, 11.506, 1.5652e+07, 2.40e+00, 4.10e-01,  6, 1, 11
NBG_NGC_4298:       N, 4298, 185.384, 14.606, 1.6905e+07, 2.60e+00, 6.00e-01,  5, 0, 11
NBG_NGC_4302:       N, 4302, 185.434, 14.606, 1.6905e+07, 3.40e+00, 2.10e-01,  5, 0, 11
NBG_NGC_4299:       N, 4299, 185.436, 11.506, 1.5361e+07, 1.80e+00, 1.00e+00,  7, 1, 11
NBG_NGC_4303:       N, 4303, 185.489, 4.473, 1.5195e+07, 5.90e+00, 9.70e-01,  4, 0, 11
NBG_NGC_4308:       N, 4308, 185.476, 30.056, 9.4266e+06, 1.00e+00, 8.80e-01, -5, 0, 14
NBG_NGC_4307:       N, 4307, 185.537, 9.039, 1.7108e+07, 2.40e+00, 2.30e-01,  1, 0, 11
NBG_NGC_4304:       N, 4304, 185.557, -33.527, 3.6063e+07, 3.70e+00, 1.00e+00,  3, 1, 23
NBG_NGC_4319:       N, 4319, 185.444, 75.323, 2.8223e+07, 2.90e+00, 7.70e-01,  2, 1, 42
NBG_NGC_4310:       N, 4310, 185.601, 29.206, 9.6193e+06, 2.20e+00, 5.30e-01, -2, 0, 14
NBG_NGC_4314:       N, 4314, 185.651, 29.890, 9.7273e+06, 4.30e+00, 9.80e-01,  1, 1, 14
NBG_TULLY_1302:     T, 1302, 185.660, 12.156, 1.5106e+07, 0.00e+00, 0.00e+00, 13, 0, 11
NBG_NGC_4318:       N, 4318, 185.687, 8.206, 1.4655e+07, 9.00e-01, 7.60e-01, -5, 0, 11
NBG_NGC_4331:       N, 4331, 185.609, 76.190, 2.6600e+07, 1.80e+00, 3.10e-01, 10, 0, 42
NBG_NGC_4321:       N, 4321, 185.733, 15.823, 1.7652e+07, 6.00e+00, 8.70e-01,  4, 0, 11
NBG_NGC_4324:       N, 4324, 185.788, 5.256, 3.4199e+07, 2.60e+00, 4.20e-01, -2, 0, 11
NBG_TULLY_1307:     T, 1307, 185.797, -13.927, 1.9675e+07, 1.30e+00, 9.20e-01, 10, 0, 22
NBG_NGC_4339:       N, 4339, 185.888, 6.090, 2.5431e+07, 2.40e+00, 9.40e-01, -5, 0, 11
NBG_TULLY_1309:     T, 1309, 185.909, -34.627, 3.7050e+07, 2.40e+00, 4.00e-01,  5, 0, 23
NBG_NGC_4346:       N, 4346, 185.862, 46.990, 1.6775e+07, 2.90e+00, 4.20e-01, -2, 1, 12
NBG_NGC_4342:       N, 4342, 185.912, 7.056, 1.6115e+07, 1.20e+00, 5.90e-01, -2, 0, 11
NBG_NGC_4340:       N, 4340, 185.907, 16.723, 1.6495e+07, 2.80e+00, 9.60e-01, -2, 1, 11
NBG_UGC_7470:       U, 7470, 185.935, 12.473, 1.4353e+07, 1.90e+00, 8.60e-01,  9, 1, 11
NBG_NGC_4348:       N, 4348, 185.967, -3.444, 3.3770e+07, 2.50e+00, 2.30e-01,  3, 0, 11
NBG_NGC_4350:       N, 4350, 185.982, 16.690, 1.7004e+07, 2.80e+00, 6.20e-01, -2, 0, 11
NBG_NGC_4351:       N, 4351, 186.010, 12.206, 1.8799e+07, 1.80e+00, 7.60e-01,  2, 0, 11
NBG_UGC_7477:       U, 7477, 186.037, 6.606, 2.1764e+07, 9.00e-01, 1.00e+00, 13, 0, 11
NBG_NGC_4359:       N, 4359, 186.024, 31.523, 1.0054e+07, 2.70e+00, 3.10e-01,  5, 1, 14
NBG_TULLY_1319:     T, 1319, 186.065, 0.556, 3.2537e+07, 1.20e+00, 7.90e-01, 10, 0, 11
NBG_TULLY_1320:     T, 1320, 186.064, 4.223, 2.2634e+07, 8.00e-01, 3.90e-01, -2, 0, 11
NBG_NGC_4365:       N, 4365, 186.112, 7.323, 1.6934e+07, 6.20e+00, 7.60e-01, -5, 0, 11
NBG_TULLY_1322:     T, 1322, 186.073, 67.440, 1.6061e+07, 7.00e-01, 7.00e-01, 13, 0, 12
NBG_NGC_4369:       N, 4369, 186.142, 39.390, 2.1646e+07, 2.40e+00, 1.00e+00,  1, 0, 12
NBG_UGC_7490:       U, 7490, 186.086, 70.340, 1.1133e+07, 3.70e+00, 1.00e+00,  9, 0, 44
NBG_NGC_4386:       N, 4386, 186.129, 75.523, 2.8118e+07, 2.80e+00, 6.20e-01, -5, 0, 42
NBG_NGC_4371:       N, 4371, 186.235, 11.706, 1.6579e+07, 4.30e+00, 4.80e-01, -2, 1, 11
NBG_NGC_4374:       N, 4374, 186.259, 12.890, 1.6583e+07, 6.40e+00, 9.30e-01, -5, 0, 11
NBG_NGC_4378:       N, 4378, 186.313, 4.923, 3.5639e+07, 3.10e+00, 9.40e-01,  1, 0, 11
NBG_NGC_4377:       N, 4377, 186.308, 14.757, 1.7206e+07, 1.60e+00, 7.90e-01, -2, 0, 11
NBG_NGC_4379:       N, 4379, 186.308, 15.607, 1.6739e+07, 1.80e+00, 8.40e-01, -5, 0, 11
NBG_NGC_4380:       N, 4380, 186.335, 10.007, 1.6593e+07, 3.00e+00, 6.60e-01,  2, 0, 11
NBG_NGC_4384:       N, 4384, 186.300, 54.507, 3.6589e+07, 1.40e+00, 8.10e-01,  1, 0, 42
NBG_NGC_4382:       N, 4382, 186.356, 18.190, 1.6331e+07, 7.20e+00, 8.20e-01, -2, 0, 11
NBG_NGC_4383:       N, 4383, 186.357, 16.473, 1.7721e+07, 1.80e+00, 5.10e-01, -2, 0, 11
NBG_NGC_4389:       N, 4389, 186.385, 45.690, 1.5779e+07, 2.40e+00, 7.20e-01,  6, 1, 12
NBG_NGC_4385:       N, 4385, 186.440, 0.573, 3.3502e+07, 1.70e+00, 6.20e-01,  1, 1, 11
NBG_UGC_7513:       U, 7513, 186.437, 7.223, 1.6640e+07, 2.30e+00, 1.40e-01,  5, 0, 11
NBG_UGC_7512:       U, 7512, 186.440, 2.157, 1.5119e+07, 1.00e+00, 4.00e-01, 10, 0, 11
NBG_NGC_4387:       N, 4387, 186.434, 12.807, 1.5873e+07, 1.50e+00, 6.80e-01, -5, 0, 11
NBG_TULLY_1340:     T, 1340, 186.458, 14.940, 1.5771e+07, 0.00e+00, 0.00e+00, 13, 0, 11
NBG_NGC_4393:       N, 4393, 186.450, 27.557, 9.5089e+06, 3.30e+00, 8.70e-01,  7, 0, 14
NBG_NGC_4388:       N, 4388, 186.459, 12.657, 1.9279e+07, 4.50e+00, 3.10e-01,  3, 0, 11
NBG_NGC_4394:       N, 4394, 186.481, 18.207, 1.6628e+07, 3.40e+00, 9.50e-01,  3, 1, 11
NBG_NGC_4395:       N, 4395, 186.471, 33.540, 3.6401e+06, 1.33e+01, 8.30e-01,  9, 0, 14
NBG_NGC_4406:       N, 4406, 186.559, 12.940, 1.4438e+07, 9.10e+00, 6.40e-01, -5, 0, 11
NBG_TULLY_1346:     T, 1346, 186.556, 48.490, 4.6626e+06, 9.00e-01, 8.90e-01, 13, 0, 14
NBG_UGC_7534:       U, 7534, 186.541, 58.307, 1.4977e+07, 3.00e+00, 6.10e-01, 10, 1, 12
NBG_NGC_4411:       N, 4411, 186.636, 8.873, 1.7110e+07, 2.30e+00, 9.60e-01,  7, 0, 11
NBG_NGC_4413:       N, 4413, 186.634, 12.607, 1.5169e+07, 2.30e+00, 7.30e-01,  3, 1, 11
NBG_NGC_4414:       N, 4414, 186.622, 31.223, 9.5509e+06, 4.10e+00, 7.00e-01,  5, 0, 14
NBG_NGC_4412:       N, 4412, 186.663, 3.957, 3.5554e+07, 1.60e+00, 8.90e-01,  4, 1, 11
NBG_NGC_4417:       N, 4417, 186.685, 9.573, 1.6322e+07, 3.00e+00, 4.90e-01, -2, 1, 11
NBG_UGC_7547:       U, 7547, 186.709, 11.573, 1.6790e+07, 1.60e+00, 7.20e-01, 10, 0, 11
NBG_UGC_7546:       U, 7546, 186.711, 8.873, 1.7110e+07, 3.00e+00, 1.00e+00,  7, 0, 11
NBG_NGC_4419:       N, 4419, 186.732, 15.040, 1.4529e+07, 2.40e+00, 3.60e-01,  1, 1, 11
NBG_NGC_4420:       N, 4420, 186.739, 2.490, 1.3887e+07, 1.90e+00, 4.90e-01,  5, 0, 11
NBG_NGC_4421:       N, 4421, 186.757, 15.457, 1.7868e+07, 2.30e+00, 7.50e-01,  1, 1, 11
NBG_NGC_4423:       N, 4423, 186.787, 5.873, 2.3046e+07, 1.60e+00, 1.90e-01,  9, 0, 11
NBG_UGC_7559:       U, 7559, 186.767, 37.140, 2.7532e+06, 3.90e+00, 7.00e-01, 10, 1, 14
NBG_UGC_7563:       U, 7563, 186.782, 15.907, 1.8968e+07, 1.90e+00, 6.10e-01, 10, 0, 11
NBG_UGC_7557:       U, 7557, 186.812, 7.257, 1.6528e+07, 3.00e+00, 8.30e-01,  9, 0, 11
NBG_NGC_4424:       N, 4424, 186.810, 9.423, 1.5712e+07, 3.00e+00, 5.30e-01,  2, 1, 11
NBG_NGC_4425:       N, 4425, 186.809, 12.740, 1.8152e+07, 2.30e+00, 4.00e-01, -2, 0, 11
NBG_NGC_4428:       N, 4428, 186.870, -8.177, 4.3310e+07, 1.50e+00, 3.70e-01,  5, 0, 11
NBG_NGC_4429:       N, 4429, 186.859, 11.107, 1.6813e+07, 4.70e+00, 4.70e-01, -2, 0, 11
NBG_TULLY_1366:     T, 1366, 186.917, -39.343, 3.9929e+07, 2.60e+00, 8.30e-01, -5, 0, 23
NBG_NGC_4433:       N, 4433, 186.920, -8.277, 4.1825e+07, 1.70e+00, 4.10e-01,  4, 0, 11
NBG_NGC_4435:       N, 4435, 186.908, 13.074, 1.6475e+07, 3.20e+00, 7.70e-01, -2, 1, 11
NBG_UGC_7577:       U, 7577, 186.910, 43.490, 3.0512e+06, 3.90e+00, 7.00e-01, 10, 0, 14
NBG_NGC_4438:       N, 4438, 186.958, 13.007, 1.5456e+07, 7.20e+00, 3.20e-01,  0, 0, 11
NBG_NGC_4442:       N, 4442, 187.010, 9.807, 1.5897e+07, 3.60e+00, 3.90e-01, -2, 1, 11
NBG_NGC_4448:       N, 4448, 187.073, 28.624, 9.5179e+06, 3.20e+00, 4.10e-01,  2, 1, 14
NBG_NGC_4449:       N, 4449, 187.059, 44.090, 3.0512e+06, 5.10e+00, 7.70e-01, 10, 1, 14
NBG_NGC_4444:       N, 4444, 187.147, -43.260, 3.8756e+07, 3.40e+00, 1.00e+00,  3, 0, 23
NBG_NGC_4450:       N, 4450, 187.130, 17.090, 1.8293e+07, 4.70e+00, 7.00e-01,  2, 0, 11
NBG_UGC_7599:       U, 7599, 187.115, 37.224, 3.4843e+06, 1.80e+00, 5.30e-01,  9, 0, 14
NBG_NGC_4451:       N, 4451, 187.160, 9.257, 1.6150e+07, 1.50e+00, 6.80e-01, -2, 0, 11
NBG_NGC_4452:       N, 4452, 187.184, 11.757, 1.5326e+07, 2.10e+00, 2.40e-01, -2, 0, 11
NBG_UGC_7605:       U, 7605, 187.167, 35.724, 3.6620e+06, 1.60e+00, 7.20e-01, 10, 0, 14
NBG_NGC_4455:       N, 4455, 187.177, 22.824, 6.2073e+06, 2.20e+00, 4.10e-01,  7, 0, 14
NBG_NGC_4454:       N, 4454, 187.217, -1.943, 3.5712e+07, 2.40e+00, 8.90e-01,  1, 1, 11
NBG_UGC_7608:       U, 7608, 187.184, 43.224, 7.5710e+06, 3.60e+00, 8.90e-01, 10, 0, 14
NBG_NGC_4457:       N, 4457, 187.239, 3.574, 1.7363e+07, 3.10e+00, 8.40e-01,  0, 0, 11
NBG_NGC_4458:       N, 4458, 187.233, 13.240, 1.5647e+07, 1.70e+00, 9.40e-01, -5, 0, 11
NBG_NGC_4460:       N, 4460, 187.207, 44.874, 8.0511e+06, 3.50e+00, 3.00e-01, -2, 1, 14
NBG_UGC_7612:       U, 7612, 187.264, 2.724, 1.4552e+07, 1.90e+00, 5.40e-01,  9, 1, 11
NBG_NGC_4459:       N, 4459, 187.257, 13.974, 1.6841e+07, 4.00e+00, 7.70e-01, -2, 0, 11
NBG_NGC_4461:       N, 4461, 187.258, 13.190, 1.8121e+07, 2.80e+00, 4.30e-01, -2, 1, 11
NBG_NGC_4462:       N, 4462, 187.330, -23.176, 2.7702e+07, 3.00e+00, 3.90e-01,  2, 1, 22
NBG_NGC_4464:       N, 4464, 187.336, 8.157, 1.6967e+07, 1.00e+00, 7.20e-01, -5, 0, 11
NBG_NGC_4469:       N, 4469, 187.360, 8.740, 1.5760e+07, 2.50e+00, 3.80e-01,  0, 1, 11
NBG_NGC_4467:       N, 4467, 187.386, 7.990, 1.7407e+07, 6.00e-01, 7.90e-01, -5, 0, 11
NBG_NGC_4472:       N, 4472, 187.436, 8.007, 1.6550e+07, 1.10e+01, 8.50e-01, -5, 0, 11
NBG_NGC_4473:       N, 4473, 187.457, 13.424, 1.8826e+07, 4.40e+00, 6.30e-01, -5, 0, 11
NBG_NGC_4474:       N, 4474, 187.482, 14.074, 1.7543e+07, 2.20e+00, 7.00e-01, -2, 0, 11
NBG_NGC_4476:       N, 4476, 187.508, 12.357, 1.8284e+07, 1.70e+00, 7.40e-01, -2, 0, 11
NBG_NGC_4477:       N, 4477, 187.507, 13.641, 1.7077e+07, 3.70e+00, 9.20e-01, -2, 1, 11
NBG_UGC_7639:       U, 7639, 187.478, 47.524, 5.8361e+06, 3.00e+00, 5.10e-01, 10, 0, 14
NBG_NGC_4478:       N, 4478, 187.583, 12.324, 1.7460e+07, 1.90e+00, 8.50e-01, -5, 0, 11
NBG_NGC_4479:       N, 4479, 187.582, 13.574, 1.6348e+07, 1.70e+00, 9.40e-01, -2, 1, 11
NBG_TULLY_1401:     T, 1401, 187.633, 12.491, 1.7456e+07, 7.00e-01, 1.00e+00, -5, 0, 11
NBG_NGC_4483:       N, 4483, 187.660, 9.024, 1.6582e+07, 1.50e+00, 6.20e-01, -2, 1, 11
NBG_NGC_4485:       N, 4485, 187.659, 41.691, 9.2720e+06, 2.10e+00, 6.80e-01, 10, 1, 14
NBG_NGC_4486:       N, 4486, 187.708, 12.391, 1.7141e+07, 9.20e+00, 7.40e-01, -5, 0, 11
NBG_TULLY_1405:     T, 1405, 187.708, 12.041, 1.7066e+07, 0.00e+00, 0.00e+00, 13, 0, 11
NBG_NGC_4490:       N, 4490, 187.684, 41.641, 7.8032e+06, 4.80e+00, 5.00e-01,  7, 1, 14
NBG_NGC_4487:       N, 4487, 187.746, -8.076, 1.9864e+07, 3.60e+00, 7.20e-01,  6, 0, 11
NBG_NGC_4492:       N, 4492, 187.760, 8.074, 1.7812e+07, 2.10e+00, 1.00e+00,  1, 0, 11
NBG_NGC_4494:       N, 4494, 187.848, 25.774, 9.7021e+06, 5.00e+00, 9.60e-01, -5, 0, 14
NBG_UGC_7666:       U, 7666, 187.881, 14.857, 1.9326e+07, 1.00e+00, 1.40e-01, 10, 0, 11
NBG_NGC_4496:       N, 4496, 187.913, 3.924, 1.3112e+07, 3.50e+00, 7.70e-01,  9, 1, 11
NBG_TULLY_1412:     T, 1412, 187.913, 3.924, 1.3435e+07, 1.00e+00, 8.00e-01, 10, 0, 11
NBG_NGC_4498:       N, 4498, 187.904, 16.857, 1.7512e+07, 2.90e+00, 5.20e-01,  7, 1, 11
NBG_TULLY_1414:     T, 1414, 187.962, -51.743, 3.4510e+07, 1.90e+00, 7.00e-02,  5, 0, 23
NBG_TULLY_1415:     T, 1415, 187.943, -2.976, 3.4341e+07, 5.00e-01, 6.70e-01, 13, 0, 11
NBG_NGC_4501:       N, 4501, 187.981, 14.424, 1.8854e+07, 5.50e+00, 5.00e-01,  3, 0, 11
NBG_UGC_7673:       U, 7673, 187.994, 29.724, 9.4276e+06, 1.90e+00, 8.20e-01, 10, 0, 14
NBG_NGC_4503:       N, 4503, 188.033, 11.174, 1.7331e+07, 3.00e+00, 4.70e-01, -2, 1, 11
NBG_NGC_4504:       N, 4504, 188.071, -7.559, 1.9580e+07, 3.10e+00, 6.70e-01,  6, 0, 11
NBG_UGC_7685:       U, 7685, 188.115, 0.358, 1.4467e+07, 4.00e+00, 6.70e-01,  8, 1, 11
NBG_TULLY_1421:     T, 1421, 188.134, 9.174, 1.7084e+07, 5.00e-01, 7.60e-01, -5, 0, 11
NBG_UGC_7690:       U, 7690, 188.106, 42.708, 7.5538e+06, 2.20e+00, 8.00e-01, 10, 0, 14
NBG_NGC_4517:       N, 4517, 188.191, 0.108, 9.8402e+06, 6.70e+00, 1.70e-01,  6, 0, 14
NBG_UGC_7698:       U, 7698, 188.217, 31.541, 3.7175e+06, 6.00e+00, 7.40e-01, 10, 0, 14
NBG_UGC_7699:       U, 7699, 188.211, 37.624, 6.2458e+06, 2.90e+00, 3.10e-01,  5, 1, 14
NBG_TULLY_1426:     T, 1426, 188.283, 11.341, 1.5170e+07, 7.00e-01, 7.50e-01,  3, 0, 11
NBG_TULLY_1427:     T, 1427, 188.307, 12.858, 1.5584e+07, 0.00e+00, 0.00e+00, 13, 0, 11
NBG_TULLY_1428:     T, 1428, 188.369, -4.876, 2.3980e+07, 1.80e+00, 1.90e-01,  8, 0, 11
NBG_NGC_4519:       N, 4519, 188.385, 8.658, 1.7039e+07, 3.30e+00, 6.90e-01,  7, 1, 11
NBG_NGC_4522:       N, 4522, 188.409, 9.158, 1.8881e+07, 3.00e+00, 3.00e-01,  4, 0, 11
NBG_NGC_4523:       N, 4523, 188.455, 15.158, 1.5555e+07, 2.40e+00, 8.90e-01,  9, 0, 11
NBG_NGC_4525:       N, 4525, 188.443, 30.291, 9.9428e+06, 2.60e+00, 5.70e-01,  5, 0, 14
NBG_NGC_4526:       N, 4526, 188.510, 7.708, 1.5675e+07, 5.90e+00, 3.70e-01, -2, 0, 11
NBG_UGC_7719:       U, 7719, 188.483, 39.008, 8.8532e+06, 1.60e+00, 3.60e-01,  8, 0, 14
NBG_NGC_4527:       N, 4527, 188.539, 2.658, 1.3483e+07, 5.30e+00, 4.60e-01,  4, 0, 11
NBG_NGC_4534:       N, 4534, 188.537, 35.525, 9.7494e+06, 3.90e+00, 7.60e-01,  8, 0, 14
NBG_NGC_4532:       N, 4532, 188.586, 6.475, 1.5459e+07, 2.70e+00, 3.80e-01, 10, 1, 11
NBG_NGC_4535:       N, 4535, 188.585, 8.191, 1.8241e+07, 6.20e+00, 7.00e-01,  5, 0, 11
NBG_NGC_4536:       N, 4536, 188.614, 2.191, 1.3300e+07, 5.30e+00, 4.40e-01,  4, 0, 11
NBG_UGC_7739:       U, 7739, 188.686, 6.291, 1.5264e+07, 1.50e+00, 9.40e-01, 10, 0, 11
NBG_NGC_4540:       N, 4540, 188.704, 15.558, 1.7165e+07, 2.10e+00, 8.30e-01,  6, 0, 11
NBG_UGC_7737:       U, 7737, 188.705, 15.225, 1.6065e+07, 1.20e+00, 5.40e-01, 10, 0, 11
NBG_NGC_4545:       N, 4545, 188.634, 63.525, 4.1481e+07, 2.50e+00, 5.90e-01,  6, 1, 42
NBG_NGC_4546:       N, 4546, 188.868, -3.792, 2.0505e+07, 2.70e+00, 5.50e-01, -2, 1, 11
NBG_NGC_4548:       N, 4548, 188.855, 14.491, 1.5808e+07, 4.90e+00, 8.40e-01,  3, 1, 11
NBG_TULLY_1446:     T, 1446, 188.896, -7.892, 1.9472e+07, 3.50e+00, 4.80e-01,  9, 0, 11
NBG_NGC_4550:       N, 4550, 188.882, 12.225, 1.5528e+07, 2.60e+00, 2.90e-01, -2, 0, 11
NBG_NGC_4551:       N, 4551, 188.907, 12.258, 1.6645e+07, 1.70e+00, 8.00e-01, -5, 0, 11
NBG_NGC_4552:       N, 4552, 188.906, 12.558, 1.5406e+07, 3.70e+00, 1.00e+00, -5, 0, 11
NBG_NGC_4562:       N, 4562, 188.895, 25.858, 1.0212e+07, 2.00e+00, 3.70e-01,  6, 0, 14
NBG_NGC_4559:       N, 4559, 188.993, 27.958, 9.6208e+06, 9.60e+00, 4.40e-01,  6, 0, 14
NBG_NGC_4561:       N, 4561, 189.026, 19.325, 1.2381e+07, 1.60e+00, 9.30e-01,  8, 1, 11
NBG_NGC_4565:       N, 4565, 189.070, 25.975, 1.0013e+07, 1.15e+01, 1.40e-01,  3, 0, 14
NBG_NGC_4564:       N, 4564, 189.107, 11.442, 1.6716e+07, 2.70e+00, 5.40e-01, -5, 0, 11
NBG_UGC_7774:       U, 7774, 189.080, 40.008, 6.8381e+06, 2.50e+00, 1.60e-01,  7, 0, 14
NBG_NGC_4567:       N, 4567, 189.132, 11.258, 1.8705e+07, 2.80e+00, 8.10e-01,  4, 0, 11
NBG_NGC_4568:       N, 4568, 189.132, 11.242, 1.8705e+07, 4.40e+00, 5.10e-01,  4, 0, 11
NBG_UGC_7781:       U, 7781, 189.161, 6.625, 1.6716e+07, 2.90e+00, 1.00e+00,  9, 0, 11
NBG_UGC_7784:       U, 7784, 189.180, 13.258, 1.6911e+07, 2.30e+00, 6.40e-01, 10, 1, 11
NBG_NGC_4569:       N, 4569, 189.206, 13.158, 1.4460e+07, 7.80e+00, 5.10e-01,  2, 0, 11
NBG_NGC_4570:       N, 4570, 189.235, 7.242, 1.7817e+07, 2.90e+00, 3.40e-01, -2, 0, 11
NBG_NGC_4571:       N, 4571, 189.230, 14.208, 1.5611e+07, 3.60e+00, 9.30e-01,  6, 0, 11
NBG_NGC_4578:       N, 4578, 189.383, 9.558, 1.8839e+07, 2.90e+00, 7.30e-01, -2, 0, 11
NBG_NGC_4579:       N, 4579, 189.431, 11.825, 1.8023e+07, 5.30e+00, 8.50e-01,  3, 0, 11
NBG_NGC_4580:       N, 4580, 189.461, 5.375, 2.5591e+07, 2.40e+00, 7.20e-01,  4, 0, 11
NBG_NGC_4589:       N, 4589, 189.358, 74.192, 3.0031e+07, 3.40e+00, 7.80e-01, -5, 0, 42
NBG_TULLY_1467:     T, 1467, 189.598, -35.608, 3.9706e+07, 1.20e+00, 6.00e-01,  5, 0, 23
NBG_NGC_4586:       N, 4586, 189.612, 4.309, 1.7498e+07, 2.90e+00, 3.50e-01,  1, 0, 11
NBG_TULLY_1469:     T, 1469, 189.686, 32.742, 3.5355e+06, 1.10e+00, 7.30e-01, 10, 0, 14
NBG_NGC_4592:       N, 4592, 189.816, -0.541, 9.5964e+06, 3.70e+00, 3.40e-01,  8, 0, 14
NBG_UGC_7822:       U, 7822, 189.859, 7.959, 1.8476e+07, 1.20e+00, 6.20e-01, 10, 0, 11
NBG_NGC_4593:       N, 4593, 189.895, -5.341, 3.9515e+07, 3.00e+00, 6.00e-01,  3, 1, 11
NBG_NGC_4594:       N, 4594, 189.975, -11.624, 1.9993e+07, 8.30e+00, 8.80e-01,  1, 0, 11
NBG_NGC_4596:       N, 4596, 189.982, 10.176, 1.8395e+07, 4.90e+00, 8.90e-01, -2, 1, 11
NBG_NGC_4595:       N, 4595, 189.978, 15.292, 1.6084e+07, 1.60e+00, 6.80e-01,  5, 0, 11
NBG_NGC_4597:       N, 4597, 190.020, -5.808, 1.6976e+07, 2.80e+00, 4.30e-01,  9, 1, 11
NBG_NGC_4605:       N, 4605, 190.003, 61.609, 3.9648e+06, 4.80e+00, 4.40e-01,  5, 1, 14
NBG_NGC_4602:       N, 4602, 190.145, -5.141, 3.7969e+07, 2.30e+00, 3.00e-01,  4, 0, 11
NBG_NGC_4603:       N, 4603, 190.257, -40.974, 4.5100e+07, 3.70e+00, 7.80e-01,  5, 0, 23
NBG_NGC_4608:       N, 4608, 190.307, 10.143, 1.8078e+07, 3.30e+00, 1.00e+00, -2, 1, 11
NBG_NGC_4612:       N, 4612, 190.384, 7.309, 1.8029e+07, 2.90e+00, 7.30e-01, -2, 0, 11
NBG_NGC_4618:       N, 4618, 190.398, 41.143, 7.2966e+06, 4.00e+00, 8.00e-01,  9, 1, 14
NBG_TULLY_1483:     T, 1483, 190.533, -40.824, 4.5163e+07, 1.70e+00, 7.40e-01,  5, 0, 23
NBG_NGC_4621:       N, 4621, 190.505, 11.643, 1.5692e+07, 5.60e+00, 8.20e-01, -5, 0, 11
NBG_NGC_4625:       N, 4625, 190.472, 41.276, 8.2231e+06, 1.60e+00, 9.40e-01,  9, 0, 14
NBG_NGC_4623:       N, 4623, 190.534, 7.676, 1.8217e+07, 1.90e+00, 3.40e-01, -2, 0, 11
NBG_UGC_7866:       U, 7866, 190.526, 38.493, 4.5310e+06, 3.40e+00, 6.60e-01, 10, 0, 14
NBG_NGC_4631:       N, 4631, 190.559, 32.543, 6.8717e+06, 1.08e+01, 2.40e-01,  7, 1, 14
NBG_NGC_4632:       N, 4632, 190.641, -0.091, 1.4240e+07, 2.60e+00, 4.10e-01,  5, 0, 11
NBG_NGC_4630:       N, 4630, 190.637, 3.960, 1.7874e+07, 1.80e+00, 7.50e-01,  9, 1, 11
NBG_UGC_7872:       U, 7872, 190.450, 75.310, 3.0775e+07, 1.90e+00, 7.70e-01, 10, 0, 42
NBG_NGC_4635:       N, 4635, 190.672, 19.943, 2.3565e+07, 1.80e+00, 8.00e-01,  7, 0, 11
NBG_NGC_4638:       N, 4638, 190.705, 11.443, 1.6833e+07, 2.30e+00, 7.20e-01, -2, 0, 11
NBG_NGC_4636:       N, 4636, 190.713, 2.693, 1.6989e+07, 6.00e+00, 7.70e-01, -5, 0, 11
NBG_NGC_4639:       N, 4639, 190.729, 13.260, 1.6618e+07, 2.90e+00, 7.20e-01,  3, 0, 11
NBG_NGC_4643:       N, 4643, 190.839, 1.976, 2.5678e+07, 2.90e+00, 1.00e+00,  0, 1, 11
NBG_NGC_4647:       N, 4647, 190.880, 11.576, 1.7245e+07, 2.70e+00, 8.40e-01,  5, 0, 11
NBG_NGC_4649:       N, 4649, 190.930, 11.560, 1.7051e+07, 8.20e+00, 8.00e-01, -5, 0, 11
NBG_NGC_4651:       N, 4651, 190.926, 16.376, 1.6349e+07, 3.30e+00, 6.90e-01,  5, 0, 11
NBG_NGC_4653:       N, 4653, 190.966, -0.540, 3.9088e+07, 2.40e+00, 9.30e-01,  6, 0, 11
NBG_NGC_4654:       N, 4654, 190.979, 13.110, 1.6740e+07, 4.40e+00, 5.80e-01,  6, 0, 11
NBG_NGC_4645:       N, 4645, 191.037, -41.757, 4.5203e+07, 2.20e+00, 6.00e-01, -5, 0, 23
NBG_TULLY_1503:     T, 1503, 191.021, -5.674, 2.5326e+07, 3.10e+00, 6.70e-01,  9, 0, 11
NBG_NGC_4656:       N, 4656, 191.008, 32.160, 7.2780e+06, 1.32e+01, 1.70e-01,  9, 1, 14
NBG_NGC_4650:       N, 4650, 191.085, -40.740, 4.5228e+07, 3.80e+00, 8.90e-01,  0, 1, 23
NBG_UGC_7911:       U, 7911, 191.115, 0.477, 2.3509e+07, 2.60e+00, 7.50e-01,  9, 1, 11
NBG_NGC_4658:       N, 4658, 191.150, -10.090, 3.5634e+07, 1.70e+00, 3.30e-01,  5, 1, 11
NBG_TULLY_1508:     T, 1508, 191.186, -40.707, 4.4900e+07, 1.70e+00, 4.10e-01, 13, 0, 23
NBG_NGC_4660:       N, 4660, 191.130, 11.193, 1.6666e+07, 2.60e+00, 8.80e-01, -5, 0, 11
NBG_TULLY_1510:     T, 1510, 191.137, 28.477, 9.8458e+06, 8.00e-01, 6.10e-01, 12, 0, 14
NBG_UGC_7916:       U, 7916, 191.130, 34.393, 7.2014e+06, 2.40e+00, 7.90e-01, 10, 0, 14
NBG_TULLY_1512:     T, 1512, 191.249, -9.140, 2.4161e+07, 1.10e+00, 9.00e-01, 10, 0, 11
NBG_TULLY_1513:     T, 1513, 191.311, -40.823, 4.4838e+07, 9.00e-01, 3.60e-01,  2, 0, 23
NBG_NGC_4666:       N, 4666, 191.291, -0.457, 1.4056e+07, 3.30e+00, 3.50e-01,  5, 0, 11
NBG_NGC_4665:       N, 4665, 191.288, 3.060, 1.7892e+07, 4.20e+00, 1.00e+00,  0, 1, 11
NBG_NGC_4670:       N, 4670, 191.313, 27.127, 1.1046e+07, 1.70e+00, 8.90e-01,  0, 1, 14
NBG_TULLY_1517:     T, 1517, 191.421, -6.090, 2.5783e+07, 3.30e+00, 8.60e-01, 10, 0, 11
NBG_TULLY_1518:     T, 1518, 191.502, -33.840, 5.1049e+06, 3.10e+00, 4.00e-01, 10, 0, 14
NBG_TULLY_1519:     T, 1519, 191.405, 71.327, 2.0124e+07, 5.00e-01, 1.00e+00, 13, 0, 12
NBG_UGC_7941:       U, 7941, 191.526, 64.560, 3.6206e+07, 3.10e+00, 2.00e-01,  7, 0, 42
NBG_TULLY_1521:     T, 1521, 191.604, 48.244, 2.2094e+07, 7.00e-01, 3.30e-01, 12, 0, 12
NBG_UGC_7943:       U, 7943, 191.685, 5.960, 1.7276e+07, 2.40e+00, 8.20e-01,  5, 0, 11
NBG_NGC_4677:       N, 4677, 191.739, -41.590, 4.6055e+07, 1.40e+00, 4.70e-01, -2, 0, 23
NBG_TULLY_1524:     T, 1524, 191.688, 26.561, 8.9359e+06, 7.00e-01, 6.80e-01, -5, 0, 14
NBG_UGC_7949:       U, 7949, 191.750, 36.494, 4.2024e+06, 1.90e+00, 6.10e-01, 10, 0, 14
NBG_UGC_7950:       U, 7950, 191.721, 51.644, 8.9359e+06, 1.80e+00, 7.50e-01, 10, 0, 14
NBG_NGC_4684:       N, 4684, 191.818, -2.723, 2.7369e+07, 2.20e+00, 3.60e-01, -2, 1, 11
NBG_TULLY_1528:     T, 1528, 191.892, -53.939, 2.4739e+07, 2.00e+00, 7.00e-01, 10, 0, 23
NBG_NGC_4687:       N, 4687, 191.851, 35.361, 8.3600e+06, 1.00e+00, 8.00e-01, 13, 0, 14
NBG_NGC_4688:       N, 4688, 191.961, 4.327, 1.7011e+07, 4.10e+00, 1.00e+00,  6, 1, 11
NBG_NGC_4689:       N, 4689, 191.952, 13.761, 1.7961e+07, 3.70e+00, 8.90e-01,  5, 0, 11
NBG_NGC_4691:       N, 4691, 192.069, -3.339, 2.2498e+07, 3.40e+00, 8.80e-01,  3, 1, 11
NBG_NGC_4694:       N, 4694, 192.080, 10.978, 1.7011e+07, 3.00e+00, 5.70e-01, -2, 1, 11
NBG_TULLY_1534:     T, 1534, 192.149, -45.623, 4.2035e+07, 1.30e+00, 9.20e-01, 10, 0, 23
NBG_NGC_4698:       N, 4698, 192.107, 8.494, 1.6604e+07, 2.90e+00, 5.50e-01,  2, 0, 11
NBG_NGC_4697:       N, 4697, 192.146, -5.806, 2.3293e+07, 6.70e+00, 7.60e-01, -5, 0, 11
NBG_NGC_4696:       N, 4696, 192.216, -41.306, 4.5415e+07, 3.40e+00, 7.50e-01, -5, 0, 23
NBG_NGC_4707:       N, 4707, 192.095, 51.161, 8.0206e+06, 2.40e+00, 8.90e-01,  9, 0, 14
NBG_TULLY_1539:     T, 1539, 192.171, -5.256, 2.4439e+07, 1.80e+00, 1.00e+00, 10, 0, 11
NBG_NGC_4699:       N, 4699, 192.249, -8.672, 2.5658e+07, 3.00e+00, 8.00e-01,  3, 0, 11
NBG_NGC_4700:       N, 4700, 192.277, -11.406, 2.3995e+07, 2.20e+00, 1.50e-01,  7, 1, 11
NBG_NGC_4701:       N, 4701, 192.312, 3.394, 2.0486e+07, 3.30e+00, 8.50e-01,  6, 0, 11
NBG_TULLY_1543:     T, 1543, 192.351, -10.122, 2.3259e+07, 4.50e+00, 7.20e-01,  9, 1, 11
NBG_NGC_4710:       N, 4710, 192.425, 15.161, 1.6963e+07, 3.70e+00, 3.30e-01, -2, 0, 11
NBG_NGC_4713:       N, 4713, 192.510, 5.311, 1.7885e+07, 2.80e+00, 6.60e-01,  7, 0, 11
NBG_TULLY_1546:     T, 1546, 192.568, -41.522, 4.5258e+07, 1.30e+00, 4.30e-01, -2, 0, 23
NBG_TULLY_1547:     T, 1547, 192.627, -10.872, 3.5668e+07, 3.20e+00, 4.30e-01,  8, 0, 11
NBG_NGC_4725:       N, 4725, 192.637, 25.495, 1.2462e+07, 1.00e+01, 7.70e-01,  2, 0, 14
NBG_NGC_4750:       N, 4750, 192.522, 72.878, 2.6095e+07, 2.30e+00, 9.60e-01,  2, 0, 42
NBG_NGC_4731:       N, 4731, 192.747, -6.405, 2.5829e+07, 5.30e+00, 4.80e-01,  6, 1, 11
NBG_NGC_4736:       N, 4736, 192.738, 41.112, 4.2778e+06, 1.18e+01, 8.70e-01,  2, 0, 14
NBG_NGC_4730:       N, 4730, 192.943, -41.138, 4.4681e+07, 1.30e+00, 1.00e+00, -5, 0, 23
NBG_NGC_4742:       N, 4742, 192.952, -10.455, 2.3283e+07, 2.00e+00, 7.20e-01, -5, 0, 11
NBG_NGC_4747:       N, 4747, 192.936, 25.762, 1.2372e+07, 2.80e+00, 4.70e-01,  5, 1, 14
NBG_NGC_4743:       N, 4743, 193.070, -41.405, 4.5730e+07, 1.40e+00, 3.70e-01, -2, 0, 23
NBG_TULLY_1556:     T, 1556, 193.101, -9.738, 3.4021e+07, 1.80e+00, 1.30e-01,  6, 0, 11
NBG_NGC_4754:       N, 4754, 193.078, 11.312, 1.7432e+07, 3.80e+00, 5.30e-01, -2, 1, 11
NBG_NGC_4753:       N, 4753, 193.092, -1.205, 1.5121e+07, 3.90e+00, 6.00e-01, 13, 0, 11
NBG_TULLY_1559:     T, 1559, 193.147, -6.305, 2.6318e+07, 2.00e+00, 1.00e+00, 10, 0, 11
NBG_UGC_8011:       U, 8011, 193.116, 21.645, 2.1478e+07, 1.60e+00, 8.20e-01, 10, 0, 11
NBG_NGC_4758:       N, 4758, 193.198, 15.845, 1.6237e+07, 2.20e+00, 3.00e-01,  3, 1, 11
NBG_NGC_4762:       N, 4762, 193.228, 11.229, 1.6609e+07, 6.00e+00, 2.20e-01, -2, 1, 11
NBG_NGC_4765:       N, 4765, 193.311, 4.462, 2.1172e+07, 1.50e+00, 7.60e-01,  1, 0, 11
NBG_TULLY_1564:     T, 1564, 193.346, -4.971, 2.5275e+07, 1.10e+00, 1.00e+00, 10, 0, 11
NBG_NGC_4772:       N, 4772, 193.363, 2.162, 1.6337e+07, 2.50e+00, 5.20e-01,  1, 0, 11
NBG_NGC_4767:       N, 4767, 193.468, -39.721, 4.5909e+07, 2.30e+00, 4.30e-01, -5, 0, 23
NBG_NGC_4775:       N, 4775, 193.448, -6.621, 2.6564e+07, 2.30e+00, 9.20e-01,  7, 0, 11
NBG_TULLY_1568:     T, 1568, 193.504, -12.088, 1.7199e+07, 1.90e+00, 4.40e-01, 10, 0, 11
NBG_UGC_8024:       U, 8024, 193.508, 27.146, 4.0311e+06, 2.40e+00, 8.90e-01, 10, 0, 14
NBG_NGC_4781:       N, 4781, 193.602, -10.538, 2.2472e+07, 3.10e+00, 3.70e-01,  7, 1, 11
NBG_NGC_4793:       N, 4793, 193.655, 28.929, 3.8836e+07, 2.90e+00, 5.60e-01,  5, 0, 45
NBG_NGC_4810:       N, 4810, 193.713, 2.646, 2.1538e+07, 8.00e-01, 6.70e-01, 10, 0, 11
NBG_NGC_4790:       N, 4790, 193.727, -10.237, 2.3626e+07, 1.70e+00, 6.70e-01,  5, 1, 11
NBG_NGC_4809:       N, 4809, 193.713, 2.663, 2.2208e+07, 1.50e+00, 3.70e-01, 10, 0, 11
NBG_UGC_8036:       U, 8036, 193.693, 19.179, 2.3012e+07, 2.80e+00, 2.60e-01,  5, 1, 11
NBG_NGC_4800:       N, 4800, 193.648, 46.529, 1.5194e+07, 1.60e+00, 7.30e-01,  3, 0, 12
NBG_UGC_8041:       U, 8041, 193.790, 0.113, 1.4177e+07, 3.20e+00, 6.30e-01,  7, 1, 11
NBG_TULLY_1578:     T, 1578, 193.868, -50.071, 2.8395e+07, 3.40e+00, 8.30e-01,  7, 1, 23
NBG_TULLY_1579:     T, 1579, 193.881, -45.237, 2.9898e+07, 1.80e+00, 8.50e-01, 10, 0, 23
NBG_TULLY_1580:     T, 1580, 193.877, -10.371, 2.3186e+07, 1.30e+00, 5.70e-01, 10, 0, 11
NBG_NGC_4814:       N, 4814, 193.834, 58.346, 3.9279e+07, 3.10e+00, 7.40e-01,  3, 0, 42
NBG_UGC_8053:       U, 8053, 193.961, 4.013, 2.0268e+07, 1.70e+00, 7.90e-01,  8, 0, 11
NBG_NGC_4808:       N, 4808, 193.961, 4.313, 2.0898e+07, 2.10e+00, 4.30e-01,  6, 0, 11
NBG_TULLY_1584:     T, 1584, 194.070, 34.646, 1.5521e+07, 1.10e+00, 9.00e-01, 10, 0, 43
NBG_TULLY_1585:     T, 1585, 194.196, -50.354, 3.0212e+07, 2.50e+00, 7.20e-01, -5, 0, 23
NBG_NGC_4818:       N, 4818, 194.226, -8.520, 2.1483e+07, 2.70e+00, 3.30e-01,  2, 0, 11
NBG_NGC_4826:       N, 4826, 194.189, 21.680, 4.1388e+06, 7.00e+00, 4.90e-01,  2, 0, 14
NBG_TULLY_1588:     T, 1588, 194.295, -4.170, 2.6722e+07, 1.60e+00, 7.30e-01, 10, 0, 11
NBG_UGC_8074:       U, 8074, 194.437, 2.697, 2.1714e+07, 1.70e+00, 9.40e-01,  9, 0, 11
NBG_TULLY_1590:     T, 1590, 194.452, -9.637, 2.5219e+07, 2.40e+00, 1.30e-01,  5, 0, 11
NBG_NGC_4835:       N, 4835, 194.537, -46.253, 2.9484e+07, 3.60e+00, 1.70e-01,  5, 0, 23
NBG_NGC_4845:       N, 4845, 194.489, 1.563, 1.5571e+07, 3.60e+00, 2.90e-01,  1, 0, 11
NBG_UGC_8084:       U, 8084, 194.587, 2.797, 4.1065e+07, 1.70e+00, 8.90e-01,  8, 1, 11
NBG_UGC_8091:       U, 8091, 194.673, 14.214, 1.7493e+06, 1.20e+00, 8.30e-01, 10, 0, 14
NBG_TULLY_1595:     T, 1595, 194.781, -12.220, 2.2648e+07, 1.00e+00, 6.00e-01, 10, 0, 11
NBG_TULLY_1596:     T, 1596, 194.847, -49.620, 2.5412e+07, 1.80e+00, 5.00e-01, 10, 0, 23
NBG_NGC_4856:       N, 4856, 194.834, -15.036, 2.1148e+07, 3.10e+00, 3.70e-01,  0, 1, 11
NBG_NGC_4861:       N, 4861, 194.767, 34.864, 1.7879e+07, 3.50e+00, 4.10e-01,  9, 1, 43
NBG_NGC_4866:       N, 4866, 194.873, 14.181, 1.6071e+07, 4.90e+00, 2.40e-01, -2, 0, 11
NBG_TULLY_1600:     T, 1600, 195.081, -12.336, 2.5987e+07, 1.80e+00, 5.30e-01, 10, 1, 11
NBG_NGC_4880:       N, 4880, 195.050, 12.481, 1.5675e+07, 3.50e+00, 8.00e-01, -2, 0, 11
NBG_TULLY_1602:     T, 1602, 195.186, -15.719, 2.2898e+07, 1.80e+00, 1.00e+00, 10, 0, 11
NBG_NGC_4900:       N, 4900, 195.187, 2.498, 1.7283e+07, 2.50e+00, 1.00e+00,  5, 1, 11
NBG_NGC_4899:       N, 4899, 195.233, -13.936, 3.8344e+07, 2.30e+00, 5.70e-01,  5, 0, 11
NBG_NGC_4891:       N, 4891, 195.233, -13.436, 3.7093e+07, 2.70e+00, 9.40e-01,  3, 0, 11
NBG_NGC_4902:       N, 4902, 195.259, -14.519, 3.9172e+07, 2.60e+00, 9.70e-01,  3, 1, 11
NBG_TULLY_1607:     T, 1607, 195.140, 64.448, 3.2124e+07, 7.00e-01, 5.30e-01,  0, 0, 42
NBG_TULLY_1608:     T, 1608, 195.372, -4.752, 4.3049e+07, 1.10e+00, 2.50e-01, 10, 0, 11
NBG_TULLY_1609:     T, 1609, 195.578, -50.335, 1.8476e+07, 4.70e+00, 2.30e-01,  5, 0, 23
NBG_TULLY_1610:     T, 1610, 195.538, -17.219, 7.0838e+06, 1.40e+00, 7.40e-01, 10, 0, 14
NBG_UGC_8146:       U, 8146, 195.520, 58.698, 1.4209e+07, 2.50e+00, 1.60e-01,  6, 0, 12
NBG_UGC_8153:       U, 8153, 195.785, 3.998, 4.2351e+07, 1.90e+00, 1.00e+00,  6, 0, 11
NBG_TULLY_1613:     T, 1613, 195.839, -17.402, 7.0788e+06, 4.60e+00, 1.90e-01, 10, 0, 14
NBG_NGC_4930:       N, 4930, 196.032, -41.418, 3.5004e+07, 5.60e+00, 8.60e-01,  5, 1, 23
NBG_NGC_4941:       N, 4941, 196.048, -5.551, 6.3820e+06, 3.80e+00, 6.60e-01,  2, 0, 14
NBG_NGC_4939:       N, 4939, 196.079, -10.335, 4.4342e+07, 4.60e+00, 3.70e-01,  4, 0, 11
NBG_NGC_4942:       N, 4942, 196.076, -7.668, 2.8486e+07, 1.50e+00, 7.70e-01,  6, 0, 11
NBG_TULLY_1618:     T, 1618, 196.120, -3.568, 2.4978e+07, 3.40e+00, 8.30e-01,  9, 0, 11
NBG_TULLY_1619:     T, 1619, 196.251, -8.151, 2.6216e+07, 1.40e+00, 9.10e-01,  7, 1, 11
NBG_TULLY_1620:     T, 1620, 196.276, -7.884, 2.0973e+07, 1.30e+00, 3.80e-01,  9, 1, 11
NBG_NGC_4945:       N, 4945, 196.355, -49.468, 5.2440e+06, 1.55e+01, 1.90e-01,  6, 1, 14
NBG_NGC_4951:       N, 4951, 196.274, -6.501, 2.2163e+07, 1.00e+00, 3.00e-01,  6, 0, 11
NBG_NGC_4947:       N, 4947, 196.345, -35.334, 3.3314e+07, 2.50e+00, 5.10e-01,  3, 1, 11
NBG_NGC_4958:       N, 4958, 196.451, -8.001, 2.0973e+07, 2.30e+00, 1.00e+00, -2, 1, 11
NBG_NGC_4961:       N, 4961, 196.450, 27.733, 3.9439e+07, 1.60e+00, 7.20e-01,  6, 1, 45
NBG_UGC_8188:       U, 8188, 196.456, 37.599, 4.4486e+06, 6.20e+00, 8.70e-01,  9, 0, 14
NBG_TULLY_1627:     T, 1627, 196.590, -17.501, 2.3635e+07, 1.90e+00, 1.00e+00, 10, 0, 11
NBG_TULLY_1628:     T, 1628, 196.708, -28.550, 3.1689e+07, 2.30e+00, 9.20e-01,  7, 1, 11
NBG_NGC_4965:       N, 4965, 196.808, -28.217, 3.2221e+07, 2.50e+00, 9.30e-01,  9, 0, 11
NBG_UGC_8201:       U, 8201, 196.573, 67.700, 2.7166e+06, 3.30e+00, 7.00e-01, 10, 0, 14
NBG_TULLY_1631:     T, 1631, 196.949, -22.850, 3.7079e+07, 2.50e+00, 1.70e-01,  9, 0, 11
NBG_NGC_4976:       N, 4976, 197.159, -49.517, 1.8549e+07, 4.80e+00, 5.80e-01, -5, 0, 23
NBG_UGC_8215:       U, 8215, 197.005, 46.850, 3.9000e+06, 1.10e+00, 8.20e-01, 10, 0, 14
NBG_NGC_4981:       N, 4981, 197.200, -6.783, 2.7744e+07, 2.70e+00, 7.20e-01,  4, 0, 11
NBG_NGC_4984:       N, 4984, 197.238, -15.516, 2.1238e+07, 2.20e+00, 8.00e-01,  1, 0, 11
NBG_TULLY_1636:     T, 1636, 197.352, -24.383, 4.0157e+07, 1.60e+00, 7.80e-01, 10, 0, 11
NBG_NGC_4995:       N, 4995, 197.427, -7.833, 2.8002e+07, 2.20e+00, 7.60e-01,  3, 0, 11
NBG_TULLY_1638:     T, 1638, 197.455, -10.316, 2.1683e+07, 3.10e+00, 6.90e-01,  5, 0, 11
NBG_TULLY_1639:     T, 1639, 197.527, -46.433, 4.0766e+07, 3.40e+00, 7.10e-01,  1, 0, 23
NBG_TULLY_1640:     T, 1640, 197.502, -24.233, 4.1353e+07, 1.80e+00, 4.80e-01, 10, 0, 11
NBG_UGC_8246:       U, 8246, 197.509, 34.184, 1.7450e+07, 2.40e+00, 2.80e-01,  6, 1, 43
NBG_TULLY_1642:     T, 1642, 197.677, -23.866, 3.9972e+07, 2.80e+00, 9.10e-01,  5, 1, 11
NBG_NGC_5005:       N, 5005, 197.703, 37.051, 2.1349e+07, 4.90e+00, 5.20e-01,  4, 0, 43
NBG_UGC_8261:       U, 8261, 197.756, 35.518, 1.8055e+07, 1.00e+00, 5.30e-01, 10, 0, 43
NBG_UGC_8263:       U, 8263, 197.836, 3.418, 4.4382e+07, 9.00e-01, 1.50e-01,  5, 1, 11
NBG_NGC_5012:       N, 5012, 197.880, 22.935, 4.0439e+07, 2.60e+00, 6.20e-01,  5, 0, 45
NBG_NGC_5014:       N, 5014, 197.879, 36.285, 2.2751e+07, 1.40e+00, 3.90e-01,  1, 0, 43
NBG_TULLY_1648:     T, 1648, 198.009, -12.082, 3.2051e+07, 1.60e+00, 6.80e-01,  6, 1, 11
NBG_TULLY_1649:     T, 1649, 198.001, -6.999, 2.5565e+07, 3.20e+00, 5.90e-01,  8, 1, 11
NBG_NGC_5016:       N, 5016, 198.028, 24.102, 4.0329e+07, 1.80e+00, 7.60e-01,  5, 0, 45
NBG_UGC_8280:       U, 8280, 198.030, 35.668, 1.7461e+07, 1.90e+00, 2.20e-01,  5, 0, 43
NBG_TULLY_1652:     T, 1652, 198.073, 26.685, 1.8230e+07, 1.00e+00, 6.10e-01, 12, 0, 43
NBG_UGC_8285:       U, 8285, 198.130, 7.185, 1.7543e+07, 1.50e+00, 2.90e-01,  9, 0, 11
NBG_NGC_5011:       N, 5011, 198.220, -43.098, 4.0888e+07, 2.60e+00, 8.90e-01, -5, 0, 23
NBG_NGC_5023:       N, 5023, 198.058, 44.035, 5.9900e+06, 4.70e+00, 1.40e-01,  5, 0, 14
NBG_UGC_8290:       U, 8290, 198.155, 22.835, 4.0072e+07, 1.50e+00, 7.60e-01,  9, 0, 45
NBG_TULLY_1657:     T, 1657, 198.245, -32.698, 3.3295e+07, 2.30e+00, 2.10e-01,  8, 1, 11
NBG_NGC_5017:       N, 5017, 198.241, -16.765, 3.6777e+07, 1.40e+00, 8.00e-01, -5, 0, 11
NBG_NGC_5018:       N, 5018, 198.246, -19.515, 4.0963e+07, 4.40e+00, 7.50e-01, -5, 0, 11
NBG_TULLY_1660:     T, 1660, 198.389, -15.448, 3.6446e+07, 2.70e+00, 9.40e-01,  8, 0, 11
NBG_UGC_8303:       U, 8303, 198.327, 36.202, 2.0290e+07, 2.70e+00, 1.00e+00, 10, 0, 43
NBG_NGC_5033:       N, 5033, 198.376, 36.585, 1.8762e+07, 8.70e+00, 5.20e-01,  5, 0, 43
NBG_UGC_8308:       U, 8308, 198.350, 46.319, 3.1702e+06, 1.30e+00, 6.50e-01, 10, 0, 14
NBG_UGC_8313:       U, 8313, 198.462, 42.202, 9.2396e+06, 1.50e+00, 3.10e-01,  5, 1, 14
NBG_TULLY_1665:     T, 1665, 198.728, -23.131, 2.3505e+07, 1.80e+00, 3.80e-01, 10, 0, 11
NBG_UGC_8320:       U, 8320, 198.600, 45.919, 3.5930e+06, 3.40e+00, 4.40e-01, 10, 1, 14
NBG_NGC_5037:       N, 5037, 198.742, -16.597, 2.9069e+07, 1.50e+00, 2.20e-01,  1, 0, 11
NBG_UGC_8323:       U, 8323, 198.704, 34.886, 1.7847e+07, 1.20e+00, 7.50e-01, 10, 0, 43
NBG_NGC_5044:       N, 5044, 198.841, -16.381, 3.8832e+07, 2.40e+00, 9.60e-01, -5, 0, 11
NBG_NGC_5042:       N, 5042, 198.880, -24.014, 2.1767e+07, 4.10e+00, 5.20e-01,  5, 0, 11
NBG_NGC_5049:       N, 5049, 198.992, -16.397, 3.9256e+07, 1.40e+00, 3.10e-01, -2, 0, 11
NBG_UGC_8331:       U, 8331, 198.868, 47.503, 4.6184e+06, 2.30e+00, 3.70e-01, 10, 0, 14
NBG_UGC_8333:       U, 8333, 198.973, 25.436, 1.9006e+07, 1.10e+00, 3.50e-01, 10, 0, 43
NBG_NGC_5055:       N, 5055, 198.935, 42.020, 7.1428e+06, 1.17e+01, 6.30e-01,  4, 0, 14
NBG_NGC_5054:       N, 5054, 199.267, -16.630, 2.7371e+07, 4.30e+00, 6.20e-01,  3, 0, 11
NBG_UGC_8355:       U, 8355, 199.272, 57.537, 4.1490e+07, 1.70e+00, 7.60e-01, -2, 0, 42
NBG_NGC_5061:       N, 5061, 199.512, -26.830, 2.8639e+07, 2.70e+00, 1.00e+00, -5, 0, 11
NBG_TULLY_1678:     T, 1678, 199.654, -8.446, 2.3363e+07, 1.50e+00, 7.10e-01, 10, 0, 11
NBG_NGC_5064:       N, 5064, 199.742, -47.913, 3.9546e+07, 2.40e+00, 5.00e-01,  3, 0, 23
NBG_NGC_5068:       N, 5068, 199.751, -21.046, 6.6603e+06, 7.90e+00, 9.00e-01,  6, 0, 14
NBG_UGC_8365:       U, 8365, 199.682, 41.938, 2.3716e+07, 2.20e+00, 6.40e-01,  7, 1, 43
NBG_NGC_5077:       N, 5077, 199.886, -12.662, 4.0613e+07, 1.90e+00, 7.90e-01, -5, 0, 11
NBG_TULLY_1683:     T, 1683, 199.991, -47.279, 3.7929e+07, 2.60e+00, 6.60e-01,  5, 0, 23
NBG_NGC_5089:       N, 5089, 199.911, 30.255, 3.5017e+07, 1.90e+00, 5.10e-01,  5, 0, 45
NBG_TULLY_1685:     T, 1685, 200.059, -36.062, 2.1215e+07, 3.50e+00, 5.00e-01,  8, 0, 16
NBG_TULLY_1686:     T, 1686, 200.414, -77.529, 3.3070e+07, 2.50e+00, 1.50e-01,  7, 0, 55
NBG_NGC_5084:       N, 5084, 200.078, -21.829, 2.6444e+07, 9.30e+00, 1.50e-01, -2, 0, 11
NBG_NGC_5085:       N, 5085, 200.083, -24.412, 2.8973e+07, 4.00e+00, 9.00e-01,  5, 0, 11
NBG_NGC_5087:       N, 5087, 200.101, -20.612, 2.7829e+07, 2.60e+00, 8.30e-01, -2, 0, 11
NBG_NGC_5088:       N, 5088, 200.086, -12.579, 2.4430e+07, 1.80e+00, 2.30e-01,  5, 0, 11
NBG_UGC_8385:       U, 8385, 200.174, 9.788, 2.2427e+07, 2.20e+00, 4.70e-01,  9, 0, 11
NBG_NGC_5101:       N, 5101, 200.440, -27.445, 2.7397e+07, 5.70e+00, 1.00e+00,  0, 1, 11
NBG_NGC_5102:       N, 5102, 200.487, -36.628, 3.5903e+06, 7.10e+00, 4.20e-01, -2, 0, 14
NBG_NGC_5107:       N, 5107, 200.364, 38.539, 1.9964e+07, 1.50e+00, 3.10e-01,  6, 1, 43
NBG_NGC_5112:       N, 5112, 200.463, 38.739, 2.0508e+07, 3.50e+00, 7.30e-01,  6, 1, 43
NBG_UGC_8409:       U, 8409, 200.749, 23.306, 4.2695e+07, 2.20e+00, 4.70e-01,  8, 0, 45
NBG_NGC_5116:       N, 5116, 200.741, 26.989, 4.3050e+07, 1.80e+00, 3.50e-01,  5, 1, 45
NBG_NGC_5117:       N, 5117, 200.738, 28.323, 3.8228e+07, 1.90e+00, 4.90e-01,  5, 1, 45
NBG_TULLY_1699:     T, 1699, 201.010, -24.627, 3.0206e+07, 2.30e+00, 6.70e-01, 10, 0, 11
NBG_NGC_5121:       N, 5121, 201.192, -37.677, 2.2059e+07, 2.20e+00, 8.00e-01, -2, 0, 16
NBG_TULLY_1701:     T, 1701, 201.176, -19.710, 2.9737e+07, 3.90e+00, 5.60e-01,  6, 0, 11
NBG_NGC_5128:       N, 5128, 201.333, -43.010, 4.9204e+06, 1.75e+01, 7.80e-01, -2, 0, 14
NBG_NGC_5134:       N, 5134, 201.329, -21.143, 2.6157e+07, 3.80e+00, 6.80e-01,  1, 0, 11
NBG_NGC_5145:       N, 5145, 201.296, 43.257, 2.3783e+07, 2.20e+00, 8.00e-01, 12, 0, 43
NBG_TULLY_1705:     T, 1705, 201.528, -48.226, 3.5040e+07, 1.70e+00, 3.00e-01,  5, 0, 23
NBG_UGC_8441:       U, 8441, 201.356, 57.824, 2.6733e+07, 3.10e+00, 7.40e-01, 10, 0, 42
NBG_NGC_5147:       N, 5147, 201.587, 2.107, 2.1600e+07, 1.90e+00, 9.00e-01,  8, 1, 11
NBG_TULLY_1708:     T, 1708, 201.657, -22.209, 2.2719e+07, 2.00e+00, 5.80e-01, 10, 0, 11
NBG_TULLY_1709:     T, 1709, 201.562, 37.774, 2.3261e+07, 9.00e-01, 7.70e-01, 10, 0, 43
NBG_TULLY_1710:     T, 1710, 201.749, -30.076, 2.7523e+07, 1.90e+00, 6.00e-01, 10, 0, 11
NBG_UGC_8449:       U, 8449, 201.646, 42.774, 2.3856e+07, 1.20e+00, 4.00e-01,  9, 0, 43
NBG_TULLY_1712:     T, 1712, 201.871, -38.176, 2.0750e+07, 2.90e+00, 2.20e-01,  7, 0, 16
NBG_TULLY_1713:     T, 1713, 201.906, -41.476, 4.5486e+06, 3.60e+00, 7.60e-01, 10, 0, 14
NBG_TULLY_1714:     T, 1714, 202.094, -27.575, 2.7019e+07, 2.10e+00, 7.70e-01, 10, 0, 11
NBG_NGC_5156:       N, 5156, 202.184, -48.909, 3.9465e+07, 2.70e+00, 9.30e-01,  1, 1, 23
NBG_NGC_5169:       N, 5169, 202.031, 46.675, 3.8987e+07, 1.70e+00, 3.70e-01,  3, 1, 42
NBG_NGC_5161:       N, 5161, 202.283, -33.192, 3.3418e+07, 5.40e+00, 5.00e-01,  6, 0, 11
NBG_NGC_5173:       N, 5173, 202.106, 46.592, 3.7992e+07, 1.10e+00, 1.00e+00, -5, 0, 42
NBG_NGC_5170:       N, 5170, 202.449, -17.958, 2.4011e+07, 6.10e+00, 1.50e-01,  3, 0, 11
NBG_UGC_8489:       U, 8489, 202.434, 45.392, 2.4640e+07, 1.80e+00, 3.50e-01,  8, 0, 43
NBG_NGC_5204:       N, 5204, 202.394, 58.409, 4.7697e+06, 4.40e+00, 6.50e-01,  9, 0, 14
NBG_NGC_5194:       N, 5194, 202.477, 47.192, 7.7492e+06, 1.18e+01, 5.20e-01,  4, 0, 14
NBG_NGC_5195:       N, 5195, 202.501, 47.276, 9.3172e+06, 5.90e+00, 7.40e-01, 13, 0, 14
NBG_NGC_5198:       N, 5198, 202.553, 46.676, 3.9046e+07, 2.10e+00, 8.50e-01, -5, 0, 42
NBG_NGC_5205:       N, 5205, 202.487, 62.509, 2.9965e+07, 3.00e+00, 6.10e-01, 12, 0, 42
NBG_UGC_8507:       U, 8507, 202.753, 19.443, 2.2738e+07, 1.50e+00, 6.00e-01, 13, 0, 41
NBG_NGC_5188:       N, 5188, 202.864, -34.791, 3.2892e+07, 3.10e+00, 3.80e-01,  1, 1, 11
NBG_UGC_8508:       U, 8508, 202.689, 54.909, 2.6721e+06, 1.60e+00, 6.30e-01, 10, 0, 14
NBG_TULLY_1729:     T, 1729, 203.677, -45.539, 1.0815e+07, 9.70e+00, 1.20e-01, 10, 0, 14
NBG_TULLY_1730:     T, 1730, 203.281, 68.861, 2.4211e+07, 6.00e-01, 7.70e-01, 13, 0, 42
NBG_TULLY_1731:     T, 1731, 203.397, 60.394, 3.3774e+07, 1.00e+00, 8.00e-01, 10, 0, 42
NBG_NGC_5229:       N, 5229, 203.518, 47.911, 6.3632e+06, 2.50e+00, 2.00e-01,  5, 1, 14
NBG_NGC_5238:       N, 5238, 203.675, 51.611, 4.9346e+06, 1.90e+00, 8.20e-01,  8, 0, 14
NBG_UGC_8575:       U, 8575, 203.948, 8.978, 2.2968e+07, 1.80e+00, 2.20e-01, 10, 0, 41
NBG_UGC_8578:       U, 8578, 203.903, 29.228, 1.7692e+07, 9.00e-01, 2.70e-01, 13, 0, 43
NBG_UGC_8588:       U, 8588, 203.950, 45.929, 2.6357e+07, 1.50e+00, 1.00e+00,  9, 0, 43
NBG_NGC_5236:       N, 5236, 204.255, -29.871, 4.7181e+06, 1.17e+01, 9.40e-01,  5, 0, 14
NBG_UGC_8597:       U, 8597, 204.073, 46.212, 3.8389e+07, 1.80e+00, 8.50e-01,  7, 1, 42
NBG_TULLY_1739:     T, 1739, 204.264, -11.838, 3.6470e+07, 1.90e+00, 8.60e-01,  7, 0, 11
NBG_TULLY_1740:     T, 1740, 204.326, -28.054, 5.6338e+06, 1.40e+00, 8.10e-01, 10, 0, 14
NBG_UGC_8611:       U, 8611, 204.228, 44.896, 4.0945e+07, 1.70e+00, 9.40e-01,  7, 0, 42
NBG_UGC_8614:       U, 8614, 204.350, 7.646, 2.1570e+07, 3.30e+00, 5.30e-01, 10, 0, 41
NBG_NGC_5248:       N, 5248, 204.398, 8.879, 2.2679e+07, 5.70e+00, 7.60e-01,  4, 0, 41
NBG_NGC_5247:       N, 5247, 204.527, -17.887, 2.2232e+07, 4.90e+00, 1.00e+00,  5, 0, 11
NBG_TULLY_1745:     T, 1745, 204.535, -9.804, 2.2735e+07, 2.40e+00, 1.00e+00,  9, 0, 11
NBG_NGC_5254:       N, 5254, 204.889, -11.487, 3.4599e+07, 2.60e+00, 5.30e-01,  5, 0, 11
NBG_UGC_8639:       U, 8639, 204.745, 51.430, 2.9347e+07, 1.60e+00, 7.70e-01, 10, 0, 42
NBG_NGC_5253:       N, 5253, 204.987, -31.653, 3.2265e+06, 3.60e+00, 3.30e-01, -3, 0, 14
NBG_TULLY_1749:     T, 1749, 205.146, -48.336, 3.7778e+07, 3.50e+00, 1.00e+00,  6, 0, 23
NBG_UGC_8651:       U, 8651, 204.990, 40.747, 2.2494e+06, 2.50e+00, 5.30e-01, 10, 0, 14
NBG_UGC_8658:       U, 8658, 205.152, 54.331, 3.3308e+07, 2.40e+00, 6.30e-01,  4, 0, 42
NBG_NGC_5264:       N, 5264, 205.408, -29.919, 4.1352e+06, 2.80e+00, 8.60e-01, 10, 0, 14
NBG_TULLY_1753:     T, 1753, 205.495, 30.515, 2.2363e+07, 5.00e-01, 9.20e-01, 13, 0, 43
NBG_NGC_5283:       N, 5283, 205.276, 67.681, 4.1324e+07, 1.20e+00, 9.20e-01, -2, 0, 42
NBG_NGC_5266:       N, 5266, 205.748, -48.185, 4.0770e+07, 3.00e+00, 7.10e-01, -2, 0, 23
NBG_NGC_5273:       N, 5273, 205.530, 35.665, 2.1343e+07, 2.90e+00, 8.30e-01, -2, 0, 43
NBG_UGC_8683:       U, 8683, 205.641, 39.665, 7.4202e+06, 2.30e+00, 1.00e+00, 10, 0, 14
NBG_TULLY_1758:     T, 1758, 206.249, -41.867, 5.3151e+06, 2.90e+00, 5.00e-01, 10, 0, 14
NBG_NGC_5290:       N, 5290, 206.306, 41.717, 3.8973e+07, 2.60e+00, 2.90e-01,  4, 1, 42
NBG_NGC_5296:       N, 5296, 206.572, 43.851, 3.7236e+07, 1.00e+00, 5.80e-01, -2, 0, 42
NBG_NGC_5297:       N, 5297, 206.597, 43.867, 3.8023e+07, 3.80e+00, 2.10e-01,  3, 0, 42
NBG_NGC_5301:       N, 5301, 206.612, 46.101, 2.7679e+07, 2.90e+00, 2.20e-01,  3, 0, 43
NBG_UGC_8716:       U, 8716, 206.622, 60.384, 3.3484e+07, 1.10e+00, 3.70e-01, 13, 0, 42
NBG_NGC_5308:       N, 5308, 206.765, 60.968, 3.2440e+07, 2.10e+00, 1.80e-01, -2, 0, 42
NBG_NGC_5300:       N, 5300, 207.057, 3.951, 2.3071e+07, 3.30e+00, 6.40e-01,  5, 0, 41
NBG_TULLY_1766:     T, 1766, 207.283, -48.632, 3.8937e+07, 1.90e+00, 3.00e-01,  5, 0, 23
NBG_TULLY_1767:     T, 1767, 207.282, -36.065, 1.8788e+06, 4.70e+00, 9.20e-01, 10, 0, 14
NBG_UGC_8733:       U, 8733, 207.146, 43.402, 3.7689e+07, 2.30e+00, 6.10e-01,  5, 1, 42
NBG_UGC_8742:       U, 8742, 207.388, 38.902, 3.6990e+07, 1.60e+00, 8.90e-01, 10, 0, 42
NBG_NGC_5322:       N, 5322, 207.318, 60.186, 3.1569e+07, 6.10e+00, 6.80e-01, -5, 0, 42
NBG_NGC_5313:       N, 5313, 207.434, 39.986, 3.9005e+07, 1.50e+00, 6.00e-01,  3, 0, 42
NBG_NGC_5320:       N, 5320, 207.578, 41.369, 3.9173e+07, 3.00e+00, 5.30e-01,  5, 0, 42
NBG_TULLY_1773:     T, 1773, 207.826, -33.814, 2.0504e+07, 5.70e+00, 6.30e-01,  7, 1, 16
NBG_TULLY_1774:     T, 1774, 207.517, 62.736, 3.4340e+07, 1.10e+00, 1.00e+00, 10, 0, 42
NBG_UGC_8760:       U, 8760, 207.715, 38.020, 3.2342e+06, 1.80e+00, 3.00e-01, 10, 0, 14
NBG_NGC_5326:       N, 5326, 207.709, 39.570, 3.8896e+07, 1.90e+00, 4.90e-01,  1, 0, 42
NBG_TULLY_1777:     T, 1777, 207.856, 40.220, 3.7687e+07, 1.10e+00, 1.00e+00, 13, 0, 42
NBG_NGC_5324:       N, 5324, 208.004, -6.047, 4.4013e+07, 2.50e+00, 1.00e+00,  4, 0, 41
NBG_NGC_5334:       N, 5334, 208.243, -1.129, 2.4752e+07, 4.10e+00, 8.00e-01,  5, 1, 41
NBG_TULLY_1780:     T, 1780, 207.969, 64.370, 2.8385e+07, 6.00e-01, 3.70e-01, 13, 0, 42
NBG_UGC_8798:       U, 8798, 208.190, 43.821, 3.7186e+07, 1.50e+00, 5.30e-01,  8, 0, 42
NBG_TULLY_1782:     T, 1782, 209.444, -83.078, 3.0284e+07, 2.30e+00, 1.00e+00,  6, 0, 55
NBG_NGC_5347:       N, 5347, 208.329, 33.488, 3.6724e+07, 1.70e+00, 8.40e-01,  2, 1, 42
NBG_NGC_5350:       N, 5350, 208.354, 40.355, 3.7374e+07, 3.10e+00, 8.10e-01,  4, 1, 42
NBG_NGC_5333:       N, 5333, 208.614, -48.512, 3.6627e+07, 1.90e+00, 5.00e-01, -2, 0, 23
NBG_NGC_5353:       N, 5353, 208.379, 40.288, 3.5566e+07, 2.80e+00, 6.50e-01, -2, 0, 42
NBG_NGC_5348:       N, 5348, 208.553, 5.238, 2.6209e+07, 2.40e+00, 2.10e-01,  3, 0, 41
NBG_UGC_8833:       U, 8833, 208.720, 35.839, 3.5693e+06, 1.20e+00, 8.30e-01, 10, 0, 14
NBG_NGC_5362:       N, 5362, 208.724, 41.322, 3.7067e+07, 2.00e+00, 4.60e-01,  3, 0, 42
NBG_UGC_8837:       U, 8837, 208.683, 53.905, 3.9256e+06, 3.50e+00, 3.00e-01, 10, 1, 14
NBG_UGC_8839:       U, 8839, 208.848, 17.789, 2.2394e+07, 3.00e+00, 7.80e-01, 10, 0, 41
NBG_NGC_5360:       N, 5360, 208.904, 4.989, 2.2847e+07, 1.90e+00, 6.00e-01, 13, 1, 41
NBG_NGC_5371:       N, 5371, 208.926, 40.456, 3.8834e+07, 4.00e+00, 8.00e-01,  4, 0, 42
NBG_NGC_5363:       N, 5363, 209.028, 5.256, 2.2348e+07, 4.30e+00, 6.80e-01, 13, 0, 41
NBG_NGC_5376:       N, 5376, 208.813, 59.506, 3.3639e+07, 1.60e+00, 6.80e-01,  3, 0, 42
NBG_NGC_5364:       N, 5364, 209.054, 5.023, 2.5518e+07, 4.90e+00, 6.60e-01,  4, 0, 41
NBG_NGC_5377:       N, 5377, 209.070, 47.240, 3.1019e+07, 3.70e+00, 6.00e-01,  1, 1, 42
NBG_NGC_5452:       N, 5452, 208.619, 78.222, 3.2995e+07, 2.20e+00, 8.00e-01,  7, 0, 42
NBG_NGC_5375:       N, 5375, 209.215, 29.156, 3.7796e+07, 3.10e+00, 7.90e-01,  2, 1, 42
NBG_NGC_5365:       N, 5365, 209.471, -43.927, 3.3019e+07, 4.10e+00, 6.20e-01, -2, 1, 23
NBG_NGC_5383:       N, 5383, 209.269, 41.857, 3.7131e+07, 3.10e+00, 7.10e-01,  3, 1, 42
NBG_TULLY_1802:     T, 1802, 209.491, -29.310, 3.7269e+07, 4.50e+00, 1.50e-01,  3, 0, 11
NBG_UGC_8892:       U, 8892, 209.431, 57.007, 2.9733e+07, 2.30e+00, 7.70e-01, 10, 0, 42
NBG_UGC_8894:       U, 8894, 209.467, 63.407, 2.9828e+07, 2.00e+00, 6.70e-01,  9, 0, 42
NBG_TULLY_1805:     T, 1805, 210.044, -48.275, 3.8115e+07, 2.00e+00, 1.70e-01,  5, 0, 23
NBG_TULLY_1806:     T, 1806, 210.206, -45.408, 2.0989e+07, 2.30e+00, 8.60e-01,  5, 1, 16
NBG_TULLY_1807:     T, 1807, 210.297, -30.325, 3.6372e+07, 2.60e+00, 8.80e-01,  7, 0, 11
NBG_NGC_5398:       N, 5398, 210.356, -33.058, 1.8310e+07, 3.20e+00, 5.80e-01,  8, 1, 16
NBG_NGC_5422:       N, 5422, 210.165, 55.159, 3.0964e+07, 2.20e+00, 1.90e-01,  0, 0, 42
NBG_TULLY_1810:     T, 1810, 210.361, 36.809, 4.1678e+07, 6.00e-01, 1.00e+00, 13, 0, 42
NBG_NGC_5408:       N, 5408, 210.840, -41.390, 4.8744e+06, 2.00e+00, 6.20e-01, 10, 0, 14
NBG_NGC_5426:       N, 5426, 210.855, -6.073, 3.5855e+07, 2.10e+00, 5.50e-01,  5, 0, 41
NBG_NGC_5427:       N, 5427, 210.855, -6.040, 3.8129e+07, 2.30e+00, 9.70e-01,  5, 0, 41
NBG_NGC_5448:       N, 5448, 210.702, 49.177, 3.2640e+07, 3.50e+00, 5.00e-01,  1, 0, 42
NBG_NGC_5457:       N, 5457, 210.817, 54.360, 5.3488e+06, 2.38e+01, 1.00e+00,  6, 0, 14
NBG_TULLY_1816:     T, 1816, 211.231, -24.839, 3.3578e+07, 2.30e+00, 9.60e-01,  6, 1, 11
NBG_UGC_8995:       U, 8995, 211.218, 8.811, 2.3665e+07, 2.00e+00, 5.50e-01,  8, 0, 41
NBG_NGC_5473:       N, 5473, 211.186, 54.895, 3.2995e+07, 2.30e+00, 7.80e-01, -2, 0, 42
NBG_NGC_5474:       N, 5474, 211.270, 53.662, 5.9211e+06, 5.60e+00, 8.30e-01,  6, 0, 14
NBG_NGC_5477:       N, 5477, 211.388, 54.462, 6.3285e+06, 1.80e+00, 7.60e-01,  9, 0, 14
NBG_NGC_5468:       N, 5468, 211.654, -5.454, 4.1538e+07, 2.30e+00, 1.00e+00,  6, 0, 41
NBG_NGC_5464:       N, 5464, 211.774, -30.021, 3.7543e+07, 1.20e+00, 5.70e-01, 10, 1, 11
NBG_NGC_5480:       N, 5480, 211.588, 50.729, 3.1916e+07, 1.60e+00, 6.30e-01,  5, 0, 42
NBG_NGC_5481:       N, 5481, 211.662, 50.729, 3.5596e+07, 1.90e+00, 7.40e-01, -2, 0, 42
NBG_NGC_5485:       N, 5485, 211.807, 54.996, 3.2789e+07, 2.70e+00, 7.50e-01, -2, 0, 42
NBG_NGC_5486:       N, 5486, 211.856, 55.096, 2.5563e+07, 1.50e+00, 6.40e-01,  5, 0, 42
NBG_TULLY_1827:     T, 1827, 212.520, -46.219, 3.5224e+07, 1.70e+00, 6.00e-01,  9, 1, 23
NBG_NGC_5483:       N, 5483, 212.630, -43.319, 2.4694e+07, 4.80e+00, 9.20e-01,  5, 0, 16
NBG_UGC_9057:       U, 9057, 212.547, -2.569, 2.6606e+07, 2.40e+00, 3.70e-01,  8, 1, 41
NBG_NGC_5489:       N, 5489, 212.996, -46.085, 3.9668e+07, 1.40e+00, 7.50e-01,  1, 0, 23
NBG_NGC_5493:       N, 5493, 212.879, -5.051, 3.8955e+07, 1.70e+00, 6.60e-01, -2, 0, 41
NBG_TULLY_1832:     T, 1832, 213.040, -49.384, 3.8459e+07, 2.40e+00, 9.20e-01,  5, 0, 23
NBG_NGC_5496:       N, 5496, 212.893, -1.151, 2.6380e+07, 3.10e+00, 2.10e-01,  7, 0, 41
NBG_TULLY_1834:     T, 1834, 213.292, -65.334, 4.2344e+06, 1.08e+01, 5.00e-01,  3, 0, 14
NBG_TULLY_1835:     T, 1835, 216.841, -87.779, 2.7489e+07, 2.50e+00, 2.80e-01,  3, 0, 55
NBG_UGC_9083:       U, 9083, 212.860, 50.216, 3.1887e+07, 1.10e+00, 8.20e-01,  8, 0, 42
NBG_NGC_5506:       N, 5506, 213.324, -3.217, 2.8657e+07, 2.10e+00, 3.50e-01,  9, 0, 41
NBG_NGC_5507:       N, 5507, 213.324, -3.150, 3.4301e+07, 1.50e+00, 5.50e-01, -5, 0, 41
NBG_TULLY_1839:     T, 1839, 213.788, -43.949, 2.6049e+07, 3.20e+00, 4.40e-01,  5, 1, 16
NBG_NGC_5523:       N, 5523, 213.718, 25.318, 2.1510e+07, 3.50e+00, 3.40e-01,  6, 0, 43
NBG_UGC_9126:       U, 9126, 213.920, 16.552, 3.6026e+07, 1.80e+00, 9.00e-01, 10, 0, 41
NBG_NGC_5529:       N, 5529, 213.877, 36.218, 4.3944e+07, 4.00e+00, 1.40e-01,  5, 0, 42
NBG_UGC_9128:       U, 9128, 213.975, 23.052, 2.2136e+06, 1.80e+00, 9.00e-01, 10, 0, 14
NBG_NGC_5530:       N, 5530, 214.638, -43.380, 1.6932e+07, 3.90e+00, 4.40e-01,  4, 0, 16
NBG_TULLY_1845:     T, 1845, 214.713, -47.730, 1.7723e+07, 1.60e+00, 4.00e-01,  7, 0, 16
NBG_UGC_9164:       U, 9164, 214.677, 21.820, 3.9070e+07, 1.20e+00, 7.50e-01, 13, 0, 41
NBG_UGC_9169:       U, 9169, 214.939, 9.371, 2.4013e+07, 3.00e+00, 2.10e-01, 10, 0, 41
NBG_NGC_5556:       N, 5556, 215.129, -29.245, 2.0904e+07, 4.80e+00, 8.30e-01,  7, 0, 16
NBG_NGC_5566:       N, 5566, 215.079, 3.938, 2.6411e+07, 4.70e+00, 4.10e-01,  2, 1, 41
NBG_TULLY_1850:     T, 1850, 215.307, -46.295, 2.2971e+07, 3.90e+00, 1.80e-01,  4, 0, 16
NBG_NGC_5585:       N, 5585, 214.948, 56.721, 6.9477e+06, 5.10e+00, 6.90e-01,  7, 0, 14
NBG_NGC_5574:       N, 5574, 215.231, 3.238, 2.8673e+07, 1.20e+00, 7.40e-01, -2, 1, 41
NBG_NGC_5576:       N, 5576, 215.256, 3.272, 2.6383e+07, 3.10e+00, 7.80e-01, -5, 0, 41
NBG_NGC_5577:       N, 5577, 215.306, 3.439, 2.5967e+07, 2.40e+00, 3.30e-01,  4, 0, 41
NBG_TULLY_1855:     T, 1855, 215.951, -75.327, 3.2022e+07, 2.50e+00, 5.30e-01,  5, 0, 55
NBG_NGC_5584:       N, 5584, 215.591, -0.377, 2.7464e+07, 3.20e+00, 8.20e-01,  6, 0, 41
NBG_TULLY_1857:     T, 1857, 215.930, -49.660, 2.1153e+07, 1.70e+00, 7.60e-01, 10, 0, 16
NBG_UGC_9211:       U, 9211, 215.627, 45.373, 1.4678e+07, 2.40e+00, 8.20e-01, 10, 0, 44
NBG_NGC_5608:       N, 5608, 215.821, 41.774, 1.2726e+07, 2.60e+00, 6.10e-01, 10, 0, 44
NBG_NGC_5600:       N, 5600, 215.948, 14.641, 3.7522e+07, 1.50e+00, 1.00e+00,  4, 0, 41
NBG_NGC_5595:       N, 5595, 216.064, -16.726, 3.8479e+07, 1.90e+00, 5.00e-01,  5, 0, 41
NBG_NGC_5597:       N, 5597, 216.114, -16.759, 3.8553e+07, 2.00e+00, 1.00e+00,  6, 0, 41
NBG_UGC_9240:       U, 9240, 216.180, 44.508, 3.6483e+06, 2.00e+00, 1.00e+00, 10, 0, 14
NBG_UGC_9242:       U, 9242, 216.330, 39.525, 2.6280e+07, 3.50e+00, 7.00e-02,  6, 0, 43
NBG_TULLY_1865:     T, 1865, 216.735, -45.874, 2.6693e+07, 1.50e+00, 9.30e-01, 10, 0, 16
NBG_UGC_9249:       U, 9249, 216.740, 8.676, 2.4760e+07, 1.60e+00, 1.60e-01,  7, 0, 41
NBG_TULLY_1867:     T, 1867, 217.014, -46.307, 3.0871e+06, 0.00e+00, 0.00e+00, 10, 0, 14
NBG_NGC_5631:       N, 5631, 216.639, 56.576, 3.2660e+07, 2.20e+00, 1.00e+00, -2, 0, 42
NBG_NGC_5630:       N, 5630, 216.894, 41.260, 4.1319e+07, 1.90e+00, 3.10e-01,  9, 0, 42
NBG_NGC_5633:       N, 5633, 216.867, 46.143, 3.7108e+07, 2.10e+00, 4.80e-01,  3, 0, 42
NBG_UGC_9275:       U, 9275, 217.075, 13.777, 2.4215e+07, 2.50e+00, 6.70e-01,  8, 0, 41
NBG_TULLY_1872:     T, 1872, 217.530, -34.239, 4.1304e+07, 2.60e+00, 8.10e-01,  7, 1, 11
NBG_NGC_5638:       N, 5638, 217.431, 3.228, 2.8456e+07, 2.50e+00, 9.20e-01, -5, 0, 41
NBG_UGC_9310:       U, 9310, 217.506, 3.212, 3.0254e+07, 1.70e+00, 3.10e-01,  8, 1, 41
NBG_UGC_9324:       U, 9324, 217.475, 44.445, 4.2311e+07, 2.30e+00, 6.10e-01,  9, 1, 42
NBG_NGC_5660:       N, 5660, 217.442, 49.612, 3.7153e+07, 3.00e+00, 8.90e-01,  5, 0, 42
NBG_NGC_5645:       N, 5645, 217.669, 7.279, 2.4786e+07, 2.70e+00, 5.60e-01,  7, 1, 41
NBG_NGC_5612:       N, 5612, 218.514, -78.403, 3.4594e+07, 1.60e+00, 6.10e-01, -2, 0, 55
NBG_TULLY_1879:     T, 1879, 217.986, -55.471, 4.0634e+07, 2.00e+00, 8.60e-01,  9, 0, 23
NBG_TULLY_1880:     T, 1880, 217.926, -43.421, 2.6895e+07, 1.50e+00, 9.40e-01,  5, 0, 16
NBG_NGC_5643:       N, 5643, 218.156, -44.203, 1.6908e+07, 5.80e+00, 8.90e-01,  5, 0, 16
NBG_NGC_5665:       N, 5665, 218.116, 8.080, 3.5421e+07, 2.10e+00, 6.40e-01,  9, 1, 41
NBG_TULLY_1883:     T, 1883, 218.116, 8.080, 3.4480e+07, 0.00e+00, 0.00e+00, -5, 0, 41
NBG_NGC_5669:       N, 5669, 218.186, 9.880, 2.4877e+07, 4.00e+00, 7.60e-01,  6, 0, 41
NBG_NGC_5678:       N, 5678, 218.017, 57.914, 3.5540e+07, 2.90e+00, 5.20e-01,  3, 0, 42
NBG_NGC_5668:       N, 5668, 218.352, 4.447, 2.6924e+07, 3.20e+00, 8.70e-01,  7, 0, 41
NBG_NGC_5676:       N, 5676, 218.190, 49.464, 3.4500e+07, 3.40e+00, 4.70e-01,  4, 0, 42
NBG_UGC_9380:       U, 9380, 218.653, 4.265, 2.8485e+07, 1.90e+00, 5.60e-01, 10, 0, 41
NBG_NGC_5670:       N, 5670, 218.919, -45.951, 3.9021e+07, 1.80e+00, 4.30e-01, -2, 0, 23
NBG_UGC_9385:       U, 9385, 218.824, 5.266, 2.7779e+07, 1.70e+00, 9.40e-01, 10, 0, 41
NBG_NGC_5682:       N, 5682, 218.693, 48.665, 3.6364e+07, 1.50e+00, 2.30e-01,  3, 1, 42
NBG_UGC_9391:       U, 9391, 218.647, 59.349, 3.1843e+07, 1.70e+00, 6.50e-01,  8, 1, 42
NBG_NGC_5687:       N, 5687, 218.722, 54.482, 3.4385e+07, 2.40e+00, 7.50e-01, -2, 0, 42
NBG_NGC_5689:       N, 5689, 218.867, 48.749, 3.5583e+07, 3.00e+00, 3.10e-01,  0, 1, 42
NBG_UGC_9405:       U, 9405, 218.844, 57.266, 5.7341e+06, 2.20e+00, 6.40e-01, 10, 0, 14
NBG_NGC_5690:       N, 5690, 219.434, 2.251, 2.8794e+07, 2.80e+00, 3.50e-01,  5, 0, 41
NBG_NGC_5691:       N, 5691, 219.467, -0.399, 3.0237e+07, 1.90e+00, 8.60e-01,  1, 0, 41
NBG_NGC_5692:       N, 5692, 219.580, 3.401, 2.9703e+07, 1.00e+00, 6.40e-01, 13, 0, 41
NBG_UGC_9426:       U, 9426, 219.390, 48.634, 3.6880e+07, 1.80e+00, 5.30e-01, 10, 0, 42
NBG_NGC_5688:       N, 5688, 219.867, -45.032, 3.7700e+07, 4.00e+00, 7.00e-01,  5, 0, 23
NBG_TULLY_1901:     T, 1901, 219.742, -8.632, 2.8714e+07, 2.10e+00, 1.60e-01, 10, 0, 41
NBG_NGC_5714:       N, 5714, 219.553, 46.635, 3.6059e+07, 2.00e+00, 1.50e-01,  5, 0, 42
NBG_UGC_9432:       U, 9432, 219.781, 2.952, 2.6650e+07, 1.70e+00, 9.40e-01, 10, 0, 41
NBG_NGC_5701:       N, 5701, 219.799, 5.369, 2.5996e+07, 4.20e+00, 1.00e+00,  0, 1, 41
NBG_TULLY_1905:     T, 1905, 219.783, 36.802, 9.6509e+06, 0.00e+00, 0.00e+00, 13, 0, 44
NBG_NGC_5705:       N, 5705, 219.943, -0.748, 2.8747e+07, 2.60e+00, 6.50e-01,  7, 1, 41
NBG_NGC_5713:       N, 5713, 220.041, -0.297, 3.0415e+07, 3.00e+00, 7.80e-01,  4, 0, 41
NBG_NGC_5727:       N, 5727, 220.120, 33.986, 2.6860e+07, 2.00e+00, 5.50e-01,  8, 0, 43
NBG_NGC_5728:       N, 5728, 220.596, -17.246, 4.2159e+07, 2.10e+00, 5.00e-01,  1, 0, 41
NBG_UGC_9477:       U, 9477, 220.312, 59.287, 3.6994e+07, 1.30e+00, 1.00e+00, 10, 0, 42
NBG_TULLY_1911:     T, 1911, 221.457, -77.928, 3.4262e+07, 1.90e+00, 7.30e-01,  5, 0, 55
NBG_UGC_9483:       U, 9483, 220.725, 4.888, 2.7538e+07, 2.00e+00, 3.60e-01, 12, 0, 41
NBG_TULLY_1913:     T, 1913, 221.127, -49.394, 3.0681e+07, 2.40e+00, 3.30e-01,  9, 0, 23
NBG_NGC_5740:       N, 5740, 221.110, 1.689, 2.6605e+07, 2.80e+00, 6.00e-01,  3, 0, 41
NBG_NGC_5746:       N, 5746, 221.259, 1.956, 2.9348e+07, 5.80e+00, 1.70e-01,  3, 0, 41
NBG_UGC_9500:       U, 9500, 221.340, 7.873, 2.8382e+07, 2.90e+00, 1.00e+00,  9, 1, 41
NBG_TULLY_1917:     T, 1917, 221.435, -20.760, 3.4273e+07, 1.50e+00, 8.80e-01, 10, 0, 41
NBG_NGC_5750:       N, 5750, 221.566, -0.226, 3.1902e+07, 2.60e+00, 6.10e-01,  0, 1, 41
NBG_TULLY_1919:     T, 1919, 221.848, -17.458, 3.2748e+07, 2.40e+00, 1.50e-01,  5, 0, 41
NBG_NGC_5756:       N, 5756, 221.889, -14.858, 3.2596e+07, 1.60e+00, 3.70e-01,  5, 0, 41
NBG_NGC_5757:       N, 5757, 221.954, -19.075, 3.9541e+07, 2.20e+00, 8.80e-01,  3, 1, 41
NBG_TULLY_1922:     T, 1922, 222.374, -10.157, 2.8854e+07, 3.20e+00, 6.00e-01, 10, 1, 41
NBG_UGC_9560:       U, 9560, 222.731, 35.578, 2.3111e+07, 8.00e-01, 3.50e-01, 13, 0, 43
NBG_UGC_9562:       U, 9562, 222.806, 35.545, 2.3754e+07, 1.30e+00, 1.00e+00, 13, 0, 43
NBG_TULLY_1925:     T, 1925, 223.152, -3.554, 3.0749e+07, 2.70e+00, 8.00e-01,  8, 0, 41
NBG_NGC_5774:       N, 5774, 223.429, 3.580, 2.6771e+07, 3.20e+00, 8.40e-01,  7, 0, 41
NBG_NGC_5775:       N, 5775, 223.504, 3.547, 2.6696e+07, 3.00e+00, 2.50e-01,  5, 1, 41
NBG_NGC_5783:       N, 5783, 223.370, 52.080, 3.7177e+07, 2.50e+00, 6.10e-01,  5, 0, 42
NBG_TULLY_1929:     T, 1929, 223.668, 42.015, 3.9571e+07, 0.00e+00, 0.00e+00, 13, 0, 72
NBG_TULLY_1930:     T, 1930, 225.897, -82.798, 3.1165e+07, 1.90e+00, 5.40e-01,  6, 0, 55
NBG_TULLY_1931:     T, 1931, 224.603, -47.700, 1.4706e+07, 6.30e+00, 8.60e-01, 10, 0, 16
NBG_NGC_5792:       N, 5792, 224.594, -1.083, 3.0642e+07, 5.70e+00, 2.90e-01,  3, 1, 41
NBG_NGC_5796:       N, 5796, 224.849, -16.632, 4.1893e+07, 2.10e+00, 8.50e-01, -5, 0, 41
NBG_UGC_9638:       U, 9638, 224.542, 58.868, 3.6285e+07, 1.90e+00, 6.80e-01, 10, 0, 42
NBG_NGC_5806:       N, 5806, 225.009, 1.885, 2.7708e+07, 2.60e+00, 5.30e-01,  3, 0, 41
NBG_NGC_5832:       N, 5832, 224.449, 71.685, 1.1476e+07, 3.30e+00, 7.00e-01,  3, 1, 44
NBG_TULLY_1937:     T, 1937, 225.113, -13.548, 4.0187e+07, 2.20e+00, 1.00e+00, 10, 0, 41
NBG_TULLY_1938:     T, 1938, 225.285, -48.297, 7.6459e+06, 3.70e+00, 7.50e-01, 10, 0, 14
NBG_NGC_5812:       N, 5812, 225.241, -7.464, 3.1692e+07, 2.50e+00, 9.60e-01, -5, 0, 41
NBG_NGC_5813:       N, 5813, 225.310, 1.703, 2.8683e+07, 3.60e+00, 8.00e-01, -5, 0, 41
NBG_UGC_9663:       U, 9663, 225.307, 52.604, 3.8234e+07, 1.60e+00, 8.80e-01, 10, 0, 42
NBG_NGC_5831:       N, 5831, 226.036, 1.222, 2.8381e+07, 2.20e+00, 9.10e-01, -5, 0, 41
NBG_NGC_5838:       N, 5838, 226.358, 2.107, 2.7953e+07, 3.30e+00, 4.50e-01, -2, 0, 41
NBG_NGC_5845:       N, 5845, 226.510, 1.641, 2.8560e+07, 7.00e-01, 6.00e-01, -5, 0, 41
NBG_TULLY_1945:     T, 1945, 226.610, 1.591, 2.9073e+07, 6.00e-01, 1.00e+00, -5, 0, 41
NBG_NGC_5846:       N, 5846, 226.610, 1.608, 2.8560e+07, 4.90e+00, 8.90e-01, -5, 0, 41
NBG_NGC_5850:       N, 5850, 226.785, 1.542, 2.9810e+07, 4.60e+00, 9.10e-01,  3, 1, 41
NBG_NGC_5866:       N, 5866, 226.618, 55.758, 1.5243e+07, 6.20e+00, 4.80e-01, -2, 0, 44
NBG_NGC_5854:       N, 5854, 226.956, 2.576, 2.8291e+07, 1.90e+00, 2.90e-01, -2, 1, 41
NBG_TULLY_1950:     T, 1950, 227.870, -75.856, 3.5867e+07, 2.30e+00, 2.90e-01,  2, 0, 55
NBG_TULLY_1951:     T, 1951, 227.380, -52.557, 1.9068e+07, 2.90e+00, 1.70e-01,  7, 0, 16
NBG_NGC_5861:       N, 5861, 227.306, -11.323, 2.8864e+07, 3.00e+00, 5.30e-01,  5, 0, 41
NBG_NGC_5833:       N, 5833, 227.975, -72.855, 3.7938e+07, 3.30e+00, 7.50e-01,  5, 0, 55
NBG_NGC_5864:       N, 5864, 227.380, 3.060, 2.8307e+07, 2.20e+00, 3.50e-01, -2, 1, 41
NBG_NGC_5879:       N, 5879, 227.425, 57.011, 1.6756e+07, 3.70e+00, 3.90e-01,  4, 0, 44
NBG_UGC_9760:       U, 9760, 228.009, 1.679, 2.8949e+07, 2.00e+00, 9.00e-02,  7, 0, 41
NBG_UGC_9762:       U, 9762, 227.933, 32.646, 3.6307e+07, 1.20e+00, 9.20e-01,  9, 0, 70
NBG_UGC_9764:       U, 9764, 227.651, 64.896, 3.5824e+07, 2.30e+00, 6.50e-01,  8, 1, 42
NBG_TULLY_1960:     T, 1960, 232.820, -87.428, 2.7719e+07, 1.80e+00, 2.10e-01, 10, 0, 55
NBG_TULLY_1961:     T, 1961, 228.308, -18.136, 3.3429e+07, 2.30e+00, 9.60e-01,  8, 1, 41
NBG_NGC_5894:       N, 5894, 227.935, 59.813, 3.8919e+07, 2.20e+00, 1.90e-01,  9, 1, 42
NBG_TULLY_1963:     T, 1963, 228.394, -20.686, 3.3127e+07, 2.80e+00, 2.30e-01,  9, 0, 41
NBG_UGC_9769:       U, 9769, 228.011, 55.797, 1.7699e+07, 2.80e+00, 7.90e-01,  8, 0, 44
NBG_TULLY_1965:     T, 1965, 228.561, -46.819, 7.1896e+06, 9.50e+00, 1.70e-01,  5, 0, 14
NBG_NGC_5878:       N, 5878, 228.443, -14.269, 3.1644e+07, 3.00e+00, 4.90e-01,  3, 0, 41
NBG_TULLY_1967:     T, 1967, 228.448, -15.486, 3.3687e+07, 3.50e+00, 7.90e-01,  7, 0, 41
NBG_UGC_9776:       U, 9776, 228.246, 56.981, 1.7390e+07, 1.00e+00, 5.30e-01, 10, 0, 44
NBG_TULLY_1969:     T, 1969, 229.357, -72.667, 4.0616e+07, 1.20e+00, 5.00e-01, 10, 0, 55
NBG_NGC_5885:       N, 5885, 228.777, -10.068, 3.0772e+07, 4.50e+00, 7.90e-01,  5, 0, 41
NBG_NGC_5899:       N, 5899, 228.752, 42.049, 3.9813e+07, 2.40e+00, 4.70e-01,  5, 0, 72
NBG_NGC_5907:       N, 5907, 228.975, 56.333, 1.4876e+07, 7.90e+00, 1.70e-01,  5, 0, 44
NBG_NGC_5898:       N, 5898, 229.560, -24.099, 3.2583e+07, 2.80e+00, 1.00e+00, -5, 0, 41
NBG_TULLY_1974:     T, 1974, 229.660, -24.115, 3.4133e+07, 1.20e+00, 4.20e-01, -5, 0, 41
NBG_NGC_5903:       N, 5903, 229.660, -24.065, 3.5890e+07, 3.00e+00, 7.10e-01, -5, 0, 41
NBG_TULLY_1976:     T, 1976, 229.825, -41.231, 1.9123e+07, 2.50e+00, 7.70e-01,  3, 1, 16
NBG_TULLY_1977:     T, 1977, 230.175, -36.930, 4.1769e+07, 2.70e+00, 5.70e-01,  4, 1, 40
NBG_NGC_5915:       N, 5915, 230.390, -13.095, 3.3708e+07, 1.50e+00, 7.90e-01,  2, 1, 41
NBG_NGC_5921:       N, 5921, 230.496, 5.072, 2.5138e+07, 4.90e+00, 8.80e-01,  4, 1, 41
NBG_TULLY_1980:     T, 1980, 231.915, -73.941, 3.7548e+07, 2.50e+00, 8.90e-01,  6, 0, 55
NBG_UGC_9837:       U, 9837, 230.944, 58.057, 4.1137e+07, 2.00e+00, 9.10e-01,  5, 0, 42
NBG_TULLY_1982:     T, 1982, 231.529, -22.275, 3.3633e+07, 2.90e+00, 6.70e-01,  4, 0, 41
NBG_NGC_5929:       N, 5929, 231.522, 41.676, 3.8512e+07, 1.10e+00, 9.10e-01, -5, 0, 72
NBG_NGC_5930:       N, 5930, 231.522, 41.676, 4.1906e+07, 1.70e+00, 4.40e-01,  3, 0, 72
NBG_UGC_9857:       U, 9857, 231.621, 41.743, 3.7059e+07, 1.60e+00, 3.60e-01, 10, 1, 72
NBG_UGC_9858:       U, 9858, 231.654, 40.560, 4.0584e+07, 3.00e+00, 2.10e-01,  4, 0, 72
NBG_TULLY_1987:     T, 1987, 232.243, -42.789, 1.9118e+07, 2.60e+00, 4.30e-01, 10, 0, 16
NBG_NGC_5949:       N, 5949, 231.975, 64.745, 1.1151e+07, 2.00e+00, 5.20e-01,  5, 0, 44
NBG_UGC_9893:       U, 9893, 233.231, 46.449, 1.4943e+07, 1.10e+00, 3.70e-01, 13, 0, 44
NBG_NGC_5951:       N, 5951, 233.431, 15.000, 2.9503e+07, 2.40e+00, 2.30e-01,  5, 0, 71
NBG_NGC_5953:       N, 5953, 233.630, 15.201, 3.2987e+07, 1.70e+00, 7.80e-01, -5, 0, 71
NBG_NGC_5954:       N, 5954, 233.655, 15.201, 3.2091e+07, 1.10e+00, 4.90e-01,  5, 0, 71
NBG_NGC_5963:       N, 5963, 233.377, 56.583, 1.4783e+07, 3.50e+00, 7.70e-01, 12, 0, 44
NBG_UGC_9912:       U, 9912, 233.774, 16.551, 1.9690e+07, 1.70e+00, 8.90e-01,  8, 1, 41
NBG_NGC_5961:       N, 5961, 233.807, 30.851, 2.8538e+07, 9.00e-01, 4.30e-01, 13, 0, 71
NBG_NGC_5962:       N, 5962, 234.123, 16.602, 3.1825e+07, 2.60e+00, 7.40e-01,  5, 0, 71
NBG_TULLY_1997:     T, 1997, 234.082, 30.686, 2.8457e+07, 0.00e+00, 0.00e+00, 13, 0, 71
NBG_UGC_9936:       U, 9936, 234.196, 44.236, 4.0729e+07, 1.60e+00, 5.60e-01,  9, 0, 72
NBG_NGC_5964:       N, 5964, 234.392, 5.987, 2.4739e+07, 4.00e+00, 7.90e-01,  7, 1, 41
NBG_TULLY_2000:     T, 2000, 234.265, 55.270, 1.4994e+07, 5.00e-01, 8.90e-01, 13, 0, 44
NBG_UGC_9941:       U, 9941, 234.588, 12.954, 3.0298e+07, 1.60e+00, 8.80e-01, 10, 0, 71
NBG_NGC_5970:       N, 5970, 234.617, 12.188, 3.1518e+07, 2.60e+00, 7.20e-01,  5, 1, 71
NBG_NGC_5981:       N, 5981, 234.457, 59.388, 2.9185e+07, 1.90e+00, 1.50e-01,  5, 0, 72
NBG_NGC_5974:       N, 5974, 234.750, 31.755, 2.9454e+07, 8.00e-01, 5.70e-01, 13, 0, 71
NBG_NGC_5985:       N, 5985, 234.906, 59.340, 3.9254e+07, 4.70e+00, 5.70e-01,  3, 0, 42
NBG_UGC_9977:       U, 9977, 235.513, 0.708, 3.0165e+07, 2.70e+00, 1.40e-01,  5, 0, 71
NBG_UGC_9979:       U, 9979, 235.589, 0.458, 3.0966e+07, 1.40e+00, 3.70e-01, 10, 0, 71
NBG_NGC_5984:       N, 5984, 235.732, 14.225, 2.0687e+07, 2.10e+00, 2.50e-01,  7, 1, 41
NBG_UGC_9992:       U, 9992, 235.442, 67.259, 1.1142e+07, 1.80e+00, 7.00e-01, 10, 0, 44
NBG_NGC_5967:       N, 5967, 237.017, -75.671, 3.6606e+07, 2.40e+00, 6.70e-01,  6, 0, 55
NBG_UGC_10014:      U, 10014, 236.439, 12.495, 2.0725e+07, 1.40e+00, 8.60e-01, 10, 0, 41
NBG_UGC_10020:      U, 10020, 236.454, 20.578, 3.3377e+07, 2.30e+00, 9.60e-01,  7, 0, 71
NBG_TULLY_2013:     T, 2013, 236.625, 45.996, 4.2737e+07, 0.00e+00, 0.00e+00, 13, 0, 72
NBG_UGC_10031:      U, 10031, 236.462, 61.563, 1.8217e+07, 1.70e+00, 8.90e-01,  9, 1, 44
NBG_UGC_10041:      U, 10041, 237.244, 5.181, 3.3638e+07, 2.70e+00, 6.10e-01,  8, 0, 71
NBG_NGC_6000:       N, 6000, 237.472, -29.401, 3.0136e+07, 2.10e+00, 8.70e-01,  6, 0, 40
NBG_UGC_10054:      U, 10054, 236.009, 81.830, 2.5645e+07, 2.80e+00, 4.80e-01,  8, 1, 42
NBG_UGC_10058:      U, 10058, 237.601, 25.933, 3.4371e+07, 1.30e+00, 7.70e-01,  9, 1, 71
NBG_UGC_10061:      U, 10061, 237.772, 16.317, 3.3135e+07, 2.20e+00, 8.80e-01, 10, 0, 71
NBG_NGC_6015:       N, 6015, 237.866, 62.318, 1.7547e+07, 5.10e+00, 3.80e-01,  6, 0, 44
NBG_UGC_10086:      U, 10086, 238.645, 16.604, 3.5868e+07, 7.00e-01, 3.30e-01, 13, 0, 71
NBG_UGC_10095:      U, 10095, 238.849, 45.422, 3.1097e+07, 1.30e+00, 4.70e-01, 10, 0, 70
NBG_UGC_10133:      U, 10133, 240.383, 1.711, 3.0288e+07, 2.70e+00, 6.40e-01,  5, 0, 71
NBG_TULLY_2024:     T, 2024, 240.508, 18.812, 3.8649e+07, 8.00e-01, 5.30e-01, 13, 0, 71
NBG_NGC_6035:       N, 6035, 240.848, 20.897, 3.5121e+07, 1.20e+00, 8.30e-01,  5, 0, 71
NBG_TULLY_2026:     T, 2026, 241.426, 41.316, 3.3127e+07, 8.00e-01, 5.30e-01, 13, 0, 70
NBG_UGC_10200:      U, 10200, 241.426, 41.349, 3.2118e+07, 9.00e-01, 7.70e-01, 13, 0, 70
NBG_NGC_6070:       N, 6070, 242.487, 0.703, 3.1177e+07, 3.50e+00, 5.50e-01,  6, 0, 71
NBG_UGC_10288:      U, 10288, 243.591, -0.209, 3.1581e+07, 3.70e+00, 1.40e-01,  5, 0, 71
NBG_UGC_10290:      U, 10290, 243.637, 0.808, 3.0814e+07, 2.10e+00, 9.50e-01,  9, 0, 71
NBG_UGC_10310:      U, 10310, 244.072, 47.044, 1.5787e+07, 2.90e+00, 7.70e-01, 10, 1, 44
NBG_NGC_6106:       N, 6106, 244.708, 7.413, 2.4506e+07, 2.30e+00, 5.50e-01,  5, 0, 71
NBG_TULLY_2033:     T, 2033, 245.234, -60.486, 7.2395e+06, 3.40e+00, 3.80e-01, 10, 0, 14
NBG_NGC_6118:       N, 6118, 245.476, -2.284, 2.5376e+07, 4.30e+00, 4.40e-01,  6, 0, 71
NBG_NGC_6140:       N, 6140, 245.213, 65.383, 1.8537e+07, 6.80e+00, 7.50e-01,  5, 0, 44
NBG_UGC_10419:      U, 10419, 247.531, 27.726, 4.0071e+07, 1.60e+00, 8.80e-01, 10, 0, 71
NBG_NGC_6181:       N, 6181, 248.098, 19.828, 3.6731e+07, 2.20e+00, 4.40e-01,  5, 0, 71
NBG_TULLY_2038:     T, 2038, 248.806, 52.232, 4.0996e+07, 5.00e-01, 8.20e-01, 13, 0, 70
NBG_NGC_6217:       N, 6217, 248.171, 78.198, 2.3850e+07, 3.60e+00, 1.00e+00,  4, 1, 44
NBG_TULLY_2040:     T, 2040, 249.967, 37.170, 3.1363e+07, 0.00e+00, 0.00e+00, 13, 0, 70
NBG_NGC_6207:       N, 6207, 250.769, 36.841, 1.7455e+07, 2.60e+00, 4.00e-01,  5, 0, 44
NBG_TULLY_2042:     T, 2042, 251.828, -57.423, 1.0899e+07, 3.80e+00, 5.70e-01, 13, 0, 19
NBG_NGC_6236:       N, 6236, 251.133, 70.777, 2.3299e+07, 2.70e+00, 6.40e-01,  6, 0, 44
NBG_NGC_6215:       N, 6215, 252.781, -58.985, 2.0458e+07, 2.30e+00, 8.70e-01,  5, 0, 19
NBG_NGC_6248:       N, 6248, 251.599, 70.362, 2.1206e+07, 2.70e+00, 4.00e-01,  6, 1, 44
NBG_NGC_6221:       N, 6221, 253.186, -59.216, 1.9418e+07, 4.20e+00, 6.40e-01,  5, 1, 19
NBG_NGC_6239:       N, 6239, 252.520, 42.732, 1.8901e+07, 2.10e+00, 4.80e-01,  3, 1, 44
NBG_NGC_6255:       N, 6255, 253.668, 36.504, 1.8332e+07, 2.80e+00, 4.40e-01,  5, 1, 44
NBG_UGC_10608:      U, 10608, 253.585, 53.104, 2.0990e+07, 1.30e+00, 7.20e-01,  8, 1, 44
NBG_TULLY_2050:     T, 2050, 254.758, -60.209, 1.4687e+07, 5.90e+00, 7.10e-01,  5, 0, 19
NBG_UGC_10669:      U, 10669, 255.138, 70.296, 1.1685e+07, 1.50e+00, 1.00e+00, 10, 0, 44
NBG_TULLY_2052:     T, 2052, 256.750, -62.083, 1.9545e+07, 3.50e+00, 1.30e-01,  5, 0, 19
NBG_TULLY_2053:     T, 2053, 258.442, -77.527, 3.6673e+07, 4.30e+00, 7.30e-01,  5, 0, 55
NBG_UGC_10736:      U, 10736, 257.015, 69.471, 1.2259e+07, 2.80e+00, 3.80e-01,  8, 0, 44
NBG_NGC_6340:       N, 6340, 257.612, 72.307, 2.1974e+07, 3.20e+00, 9.20e-01,  0, 0, 44
NBG_NGC_6300:       N, 6300, 259.247, -62.821, 1.4307e+07, 5.10e+00, 5.80e-01,  5, 1, 19
NBG_NGC_6305:       N, 6305, 259.523, -59.153, 3.5809e+07, 1.50e+00, 6.00e-01, -2, 0, 61
NBG_TULLY_2058:     T, 2058, 259.525, -57.853, 1.4285e+07, 0.00e+00, 0.00e+00,  9, 0, 19
NBG_NGC_6339:       N, 6339, 259.279, 40.847, 3.3701e+07, 2.90e+00, 5.90e-01,  6, 1, 70
NBG_UGC_10792:      U, 10792, 258.504, 75.229, 2.2386e+07, 2.00e+00, 1.00e+00, 10, 0, 44
NBG_UGC_10805:      U, 10805, 259.970, 14.400, 2.5656e+07, 2.10e+00, 9.00e-01,  9, 1, 73
NBG_UGC_10806:      U, 10806, 259.716, 49.866, 1.8739e+07, 2.10e+00, 4.60e-01,  8, 1, 44
NBG_NGC_6368:       N, 6368, 261.784, 11.542, 4.0917e+07, 3.10e+00, 2.60e-01,  3, 0, 70
NBG_UGC_10862:      U, 10862, 262.055, 7.427, 2.6890e+07, 3.30e+00, 9.20e-01,  5, 1, 73
NBG_NGC_6395:       N, 6395, 261.611, 71.093, 2.1666e+07, 2.10e+00, 3.40e-01,  5, 0, 44
NBG_NGC_6384:       N, 6384, 263.106, 7.065, 2.6546e+07, 6.20e+00, 6.90e-01,  4, 0, 73
NBG_NGC_6412:       N, 6412, 262.407, 75.698, 2.3531e+07, 2.40e+00, 1.00e+00,  5, 0, 44
NBG_TULLY_2069:     T, 2069, 266.776, -64.635, 3.0150e+06, 2.20e+00, 5.30e-01, 10, 1, 14
NBG_TULLY_2070:     T, 2070, 266.026, 40.863, 2.6528e+07, 0.00e+00, 0.00e+00, 13, 0, 70
NBG_UGC_10991:      U, 10991, 266.600, 67.334, 2.5336e+07, 1.70e+00, 7.70e-01, 10, 0, 44
NBG_UGC_11000:      U, 11000, 267.363, 36.136, 1.4489e+07, 9.00e-01, 4.80e-01, 13, 0, 44
NBG_NGC_6503:       N, 6503, 267.345, 70.154, 6.0975e+06, 4.90e+00, 3.80e-01,  6, 0, 14
NBG_UGC_11074:      U, 11074, 269.781, 7.147, 2.9244e+07, 2.60e+00, 4.50e-01,  7, 0, 73
NBG_NGC_6509:       N, 6509, 269.860, 6.281, 2.8264e+07, 1.90e+00, 8.30e-01,  6, 0, 73
NBG_UGC_11093:      U, 11093, 270.482, 6.968, 3.0104e+07, 2.70e+00, 1.70e-01,  5, 0, 73
NBG_UGC_11105:      U, 11105, 271.130, 21.638, 3.4226e+07, 2.50e+00, 7.50e-01,  8, 0, 73
NBG_UGC_11113:      U, 11113, 271.371, 23.272, 3.5652e+07, 1.90e+00, 1.00e+00,  6, 0, 73
NBG_NGC_6555:       N, 6555, 271.953, 17.608, 3.3976e+07, 2.30e+00, 8.70e-01,  5, 0, 73
NBG_UGC_11124:      U, 11124, 271.867, 35.558, 2.6870e+07, 2.60e+00, 8.90e-01,  6, 1, 70
NBG_NGC_6570:       N, 6570, 272.771, 14.095, 3.4516e+07, 1.90e+00, 6.00e-01,  9, 1, 73
NBG_NGC_6438:       N, 6438, 276.459, -85.412, 2.9819e+07, 2.60e+00, 7.70e-01, -5, 0, 55
NBG_UGC_11141:      U, 11141, 272.956, 12.080, 3.3832e+07, 2.30e+00, 1.00e+00,  8, 0, 73
NBG_NGC_6574:       N, 6574, 272.966, 14.980, 3.4975e+07, 1.50e+00, 7.20e-01,  4, 0, 73
NBG_TULLY_2085:     T, 2085, 276.583, -85.411, 3.0954e+07, 2.30e+00, 4.40e-01, 10, 0, 55
NBG_UGC_11152:      U, 11152, 273.122, 18.597, 4.0383e+07, 2.10e+00, 5.60e-01,  8, 1, 73
NBG_TULLY_2087:     T, 2087, 273.864, -58.201, 3.5753e+07, 2.10e+00, 4.00e-01,  5, 0, 61
NBG_UGC_11193:      U, 11193, 273.759, 71.019, 2.6093e+07, 1.60e+00, 6.60e-01, 10, 0, 44
NBG_NGC_6643:       N, 6643, 274.937, 74.575, 2.5513e+07, 3.40e+00, 5.10e-01,  5, 0, 44
NBG_UGC_11220:      U, 11220, 275.851, 40.944, 2.4865e+07, 1.60e+00, 1.00e+00, 10, 0, 70
NBG_TULLY_2091:     T, 2091, 277.167, -66.985, 8.9320e+06, 3.10e+00, 8.20e-01,  9, 1, 19
NBG_NGC_6654:       N, 6654, 276.026, 73.180, 2.9559e+07, 2.70e+00, 8.40e-01,  0, 1, 44
NBG_TULLY_2093:     T, 2093, 278.177, -57.663, 3.5096e+07, 1.80e+00, 6.80e-01,  7, 1, 61
NBG_TULLY_2094:     T, 2094, 278.616, -58.494, 2.8796e+07, 4.60e+00, 2.50e-01,  6, 1, 61
NBG_NGC_6667:       N, 6667, 277.660, 67.971, 3.9499e+07, 3.00e+00, 7.40e-01,  2, 0, 70
NBG_UGC_11283:      U, 11283, 278.471, 49.274, 3.1472e+07, 2.30e+00, 8.80e-01,  8, 1, 70
NBG_NGC_6689:       N, 6689, 278.714, 70.526, 1.2226e+07, 3.30e+00, 3.90e-01,  7, 0, 44
NBG_UGC_11332:      U, 11332, 279.786, 73.598, 2.6425e+07, 2.10e+00, 4.00e-01,  7, 1, 44
NBG_NGC_6684:       N, 6684, 282.256, -65.177, 1.0912e+07, 3.70e+00, 6.00e-01, -2, 1, 19
NBG_NGC_6703:       N, 6703, 281.838, 45.556, 3.5864e+07, 2.90e+00, 9.00e-01, -2, 0, 70
NBG_TULLY_2101:     T, 2101, 283.095, -64.823, 1.2565e+07, 2.60e+00, 5.70e-01, 10, 0, 19
NBG_TULLY_2102:     T, 2102, 283.917, -64.803, 9.6592e+06, 1.60e+00, 6.00e-01, 10, 0, 19
NBG_NGC_6707:       N, 6707, 283.837, -53.819, 3.5753e+07, 1.70e+00, 3.90e-01,  3, 0, 61
NBG_NGC_6708:       N, 6708, 283.910, -53.719, 3.5501e+07, 1.10e+00, 7.30e-01, -2, 0, 61
NBG_TULLY_2105:     T, 2105, 284.117, -54.218, 3.6096e+07, 1.20e+00, 5.80e-01, -2, 0, 61
NBG_TULLY_2106:     T, 2106, 284.143, -54.301, 3.5523e+07, 2.00e+00, 4.40e-01, -5, 0, 61
NBG_TULLY_2107:     T, 2107, 284.246, -54.551, 3.5825e+07, 1.30e+00, 8.30e-01, -2, 0, 61
NBG_TULLY_2108:     T, 2108, 286.770, -59.472, 2.3548e+07, 2.00e+00, 1.20e-01,  5, 0, 61
NBG_NGC_6744:       N, 6744, 287.435, -63.853, 1.0375e+07, 1.95e+01, 6.40e-01,  4, 0, 19
NBG_NGC_6764:       N, 6764, 287.063, 50.931, 3.7000e+07, 2.20e+00, 6.40e-01,  4, 1, 70
NBG_TULLY_2111:     T, 2111, 288.317, -62.082, 1.1769e+07, 3.00e+00, 6.30e-01, 10, 0, 19
NBG_TULLY_2112:     T, 2112, 288.814, -54.663, 3.4646e+07, 2.30e+00, 4.70e-01,  5, 1, 61
NBG_TULLY_2113:     T, 2113, 289.046, -62.362, 1.1119e+07, 2.30e+00, 1.80e-01, 10, 0, 19
NBG_TULLY_2114:     T, 2114, 292.498, -17.678, 7.0146e+05, 3.00e+00, 8.60e-01, 10, 0, 14
NBG_TULLY_2115:     T, 2115, 293.918, -57.523, 2.4332e+07, 2.40e+00, 1.20e-01,  5, 0, 61
NBG_TULLY_2116:     T, 2116, 294.003, -61.023, 2.2598e+07, 1.50e+00, 9.40e-01, 10, 0, 61
NBG_TULLY_2117:     T, 2117, 295.658, -58.798, 2.4404e+07, 1.30e+00, 8.00e-01, 10, 0, 61
NBG_NGC_6810:       N, 6810, 295.905, -58.664, 2.5286e+07, 2.50e+00, 2.80e-01,  1, 0, 61
NBG_TULLY_2119:     T, 2119, 295.964, -60.647, 3.1811e+07, 1.50e+00, 2.50e-01,  4, 0, 61
NBG_NGC_6814:       N, 6814, 295.662, -10.331, 2.2770e+07, 5.00e+00, 1.00e+00,  4, 0, 66
NBG_TULLY_2121:     T, 2121, 296.316, -54.345, 3.2377e+07, 2.70e+00, 5.60e-01, -5, 0, 61
NBG_NGC_6821:       N, 6821, 296.096, -6.829, 2.2502e+07, 1.40e+00, 1.00e+00,  7, 1, 66
NBG_TULLY_2124:     T, 2124, 297.072, -18.092, 2.4387e+07, 2.30e+00, 6.00e-01,  9, 1, 66
NBG_TULLY_2125:     T, 2125, 298.596, -58.719, 2.7053e+07, 4.40e+00, 6.70e-01,  5, 0, 61
NBG_NGC_6835:       N, 6835, 298.646, -12.568, 2.2719e+07, 2.30e+00, 3.50e-01,  1, 1, 66
NBG_NGC_6836:       N, 6836, 298.671, -12.685, 2.3334e+07, 1.60e+00, 1.00e+00,  9, 0, 66
NBG_TULLY_2128:     T, 2128, 301.635, -48.389, 3.5632e+07, 1.20e+00, 9.00e-01, -5, 0, 61
NBG_NGC_6861:       N, 6861, 301.834, -48.372, 3.5620e+07, 2.00e+00, 5.60e-01, -5, 0, 61
NBG_TULLY_2130:     T, 2130, 302.082, -48.204, 3.5199e+07, 1.70e+00, 3.50e-01, -2, 0, 61
NBG_TULLY_2131:     T, 2131, 302.384, -61.853, 9.8681e+06, 2.10e+00, 2.30e-01,  3, 0, 19
NBG_NGC_6868:       N, 6868, 302.482, -48.369, 3.5515e+07, 2.40e+00, 7.30e-01, -5, 0, 61
NBG_TULLY_2133:     T, 2133, 302.317, -6.303, 2.0964e+07, 2.80e+00, 5.70e-01, 10, 0, 66
NBG_NGC_6870:       N, 6870, 302.556, -48.285, 3.5515e+07, 2.10e+00, 5.20e-01,  2, 0, 61
NBG_NGC_6887:       N, 6887, 304.321, -52.795, 3.4175e+07, 2.50e+00, 4.10e-01,  4, 0, 61
NBG_NGC_6890:       N, 6890, 304.570, -44.794, 3.1775e+07, 1.40e+00, 7.90e-01,  3, 0, 61
NBG_TULLY_2137:     T, 2137, 304.630, -39.343, 3.5291e+07, 1.10e+00, 9.20e-01,  7, 0, 61
NBG_TULLY_2138:     T, 2138, 305.810, -43.889, 3.8207e+07, 1.60e+00, 1.00e+00,  7, 0, 61
NBG_TULLY_2139:     T, 2139, 306.010, -43.988, 3.7927e+07, 2.10e+00, 4.30e-01, -2, 0, 61
NBG_NGC_6902:       N, 6902, 306.132, -43.654, 3.5627e+07, 6.40e+00, 6.70e-01,  0, 1, 61
NBG_UGC_11557:      U, 11557, 305.998, 60.196, 2.3606e+07, 3.00e+00, 9.20e-01,  8, 0, 40
NBG_NGC_6909:       N, 6909, 306.932, -47.034, 3.4279e+07, 2.10e+00, 4.30e-01, -5, 0, 61
NBG_TULLY_2143:     T, 2143, 308.066, -48.530, 3.1047e+07, 2.20e+00, 8.10e-01,  7, 1, 61
NBG_TULLY_2144:     T, 2144, 308.507, -52.978, 3.2486e+07, 2.00e+00, 1.00e+00,  5, 0, 61
NBG_NGC_6925:       N, 6925, 308.578, -31.978, 3.6612e+07, 3.60e+00, 2.50e-01,  4, 0, 61
NBG_NGC_6946:       N, 6946, 308.713, 60.157, 5.4936e+06, 1.49e+01, 7.90e-01,  6, 0, 14
NBG_NGC_6951:       N, 6951, 309.306, 66.109, 2.4046e+07, 4.50e+00, 9.10e-01,  4, 0, 40
NBG_TULLY_2148:     T, 2148, 310.837, -65.653, 1.9872e+07, 1.10e+00, 7.70e-01, 10, 0, 61
NBG_NGC_6943:       N, 6943, 311.137, -68.752, 3.8786e+07, 3.10e+00, 5.20e-01,  6, 0, 62
NBG_TULLY_2150:     T, 2150, 311.160, -45.985, 3.4336e+07, 1.90e+00, 4.30e-01,  5, 0, 61
NBG_TULLY_2151:     T, 2151, 311.508, -45.850, 3.4809e+07, 1.30e+00, 6.90e-01,  5, 0, 61
NBG_TULLY_2152:     T, 2152, 311.739, -12.849, 7.0146e+05, 2.00e+00, 5.00e-01, 10, 0, 14
NBG_NGC_6958:       N, 6958, 312.154, -37.998, 3.5389e+07, 2.20e+00, 8.00e-01, -5, 0, 61
NBG_TULLY_2154:     T, 2154, 313.035, -69.212, 6.6468e+06, 3.60e+00, 1.80e-01,  7, 0, 19
NBG_TULLY_2155:     T, 2155, 314.237, -55.724, 2.6187e+07, 1.40e+00, 5.60e-01,  7, 1, 61
NBG_UGC_11651:      U, 11651, 314.319, 25.960, 2.3610e+07, 3.00e+00, 2.90e-01,  8, 0, 64
NBG_TULLY_2157:     T, 2157, 315.328, -72.638, 3.8435e+07, 2.60e+00, 2.80e-01,  3, 0, 62
NBG_TULLY_2158:     T, 2158, 315.625, -16.802, 2.0446e+07, 3.00e+00, 3.10e-01,  4, 0, 60
NBG_NGC_7013:       N, 7013, 315.879, 29.899, 1.4166e+07, 4.80e+00, 3.50e-01,  0, 0, 65
NBG_NGC_7007:       N, 7007, 316.370, -52.550, 3.7340e+07, 1.90e+00, 6.50e-01, -2, 0, 61
NBG_TULLY_2161:     T, 2161, 316.890, -54.948, 1.6841e+07, 2.30e+00, 6.70e-01, 10, 1, 61
NBG_NGC_7020:       N, 7020, 317.855, -64.045, 3.7720e+07, 2.80e+00, 4.30e-01, -2, 0, 62
NBG_NGC_7029:       N, 7029, 317.985, -49.295, 3.6296e+07, 1.90e+00, 5.90e-01, -5, 0, 61
NBG_TULLY_2164:     T, 2164, 319.035, -64.808, 2.2704e+07, 1.80e+00, 1.30e-01,  5, 0, 61
NBG_UGC_11707:      U, 11707, 318.623, 26.741, 1.5712e+07, 3.50e+00, 6.00e-01,  8, 0, 65
NBG_NGC_7041:       N, 7041, 319.148, -48.357, 2.4202e+07, 2.60e+00, 3.50e-01, -2, 0, 61
NBG_NGC_7049:       N, 7049, 319.747, -48.556, 2.7524e+07, 3.40e+00, 5.00e-01, -2, 0, 61
NBG_TULLY_2168:     T, 2168, 320.799, -45.769, 3.3665e+07, 2.50e+00, 3.00e-01,  4, 0, 61
NBG_NGC_7059:       N, 7059, 321.843, -60.016, 2.1439e+07, 2.30e+00, 6.00e-01,  4, 0, 61
NBG_TULLY_2170:     T, 2170, 322.075, -37.865, 3.2819e+07, 2.10e+00, 5.70e-01,  5, 0, 63
NBG_NGC_7064:       N, 7064, 322.268, -52.764, 1.0606e+07, 2.90e+00, 1.70e-01,  5, 1, 19
NBG_NGC_7070:       N, 7070, 322.626, -43.097, 3.0302e+07, 2.20e+00, 9.10e-01,  6, 0, 61
NBG_NGC_7077:       N, 7077, 322.484, 2.420, 1.3246e+07, 8.00e-01, 1.00e+00, -5, 0, 64
NBG_NGC_7079:       N, 7079, 323.130, -44.078, 3.3907e+07, 1.70e+00, 7.50e-01, -2, 1, 61
NBG_NGC_7083:       N, 7083, 323.931, -63.893, 3.8685e+07, 2.90e+00, 6.30e-01,  5, 0, 62
NBG_NGC_7090:       N, 7090, 324.123, -54.559, 1.0421e+07, 4.80e+00, 2.00e-01,  5, 1, 19
NBG_UGC_11782:      U, 11782, 324.540, 8.976, 1.7025e+07, 2.30e+00, 6.00e-01,  9, 1, 64
NBG_NGC_7097:       N, 7097, 325.064, -42.540, 3.0401e+07, 1.70e+00, 7.50e-01, -5, 0, 61
NBG_NGC_7096:       N, 7096, 325.320, -63.906, 3.6669e+07, 1.50e+00, 1.00e+00,  1, 0, 62
NBG_NGC_7107:       N, 7107, 325.599, -44.805, 2.7621e+07, 1.80e+00, 9.10e-01,  8, 1, 61
NBG_NGC_7098:       N, 7098, 326.064, -75.104, 2.9052e+07, 3.80e+00, 6.40e-01,  1, 0, 55
NBG_TULLY_2182:     T, 2182, 326.848, -34.885, 3.3324e+07, 1.60e+00, 1.00e+00, -2, 1, 63
NBG_NGC_7125:       N, 7125, 327.314, -60.717, 3.8413e+07, 2.80e+00, 6.80e-01,  5, 0, 62
NBG_NGC_7126:       N, 7126, 327.337, -60.617, 3.7490e+07, 2.00e+00, 4.90e-01,  2, 0, 62
NBG_TULLY_2185:     T, 2185, 328.116, -81.532, 3.1283e+07, 3.30e+00, 8.30e-01,  5, 0, 55
NBG_NGC_7137:       N, 7137, 327.054, 22.166, 2.5010e+07, 1.70e+00, 8.30e-01,  5, 0, 64
NBG_NGC_7135:       N, 7135, 327.447, -34.883, 3.4715e+07, 2.50e+00, 7.40e-01, -2, 0, 63
NBG_UGC_11820:      U, 11820, 327.353, 14.250, 1.7115e+07, 1.60e+00, 7.00e-01,  9, 0, 64
NBG_NGC_7141:       N, 7141, 328.059, -55.565, 3.7430e+07, 4.20e+00, 6.70e-01,  1, 0, 62
NBG_NGC_7144:       N, 7144, 328.183, -48.248, 2.4834e+07, 3.50e+00, 1.00e+00, -5, 0, 61
NBG_NGC_7145:       N, 7145, 328.330, -47.881, 2.3842e+07, 2.50e+00, 9.10e-01, -5, 0, 61
NBG_TULLY_2192:     T, 2192, 328.524, -57.614, 2.2538e+07, 2.00e+00, 8.00e-01, 10, 0, 61
NBG_NGC_7154:       N, 7154, 328.842, -34.813, 3.3259e+07, 2.10e+00, 7.40e-01, 10, 1, 63
NBG_NGC_7155:       N, 7155, 329.036, -49.529, 2.3541e+07, 2.20e+00, 9.20e-01, -2, 1, 61
NBG_TULLY_2195:     T, 2195, 329.493, -60.311, 2.0480e+07, 9.00e-01, 8.00e-01, 10, 0, 61
NBG_UGC_11861:      U, 11861, 329.093, 73.255, 2.4753e+07, 5.10e+00, 7.60e-01,  8, 0, 40
NBG_NGC_7162:       N, 7162, 329.924, -43.310, 2.8368e+07, 2.40e+00, 3.80e-01,  5, 0, 61
NBG_UGC_11868:      U, 11868, 329.770, 18.173, 1.7214e+07, 2.70e+00, 8.90e-01,  9, 1, 64
NBG_TULLY_2199:     T, 2199, 330.148, -43.126, 2.8564e+07, 2.60e+00, 8.70e-01,  9, 0, 61
NBG_NGC_7166:       N, 7166, 330.174, -43.409, 3.0270e+07, 2.00e+00, 3.40e-01, -2, 0, 61
NBG_NGC_7177:       N, 7177, 330.171, 17.741, 1.8203e+07, 3.00e+00, 6.40e-01,  3, 0, 64
NBG_NGC_7171:       N, 7171, 330.249, -13.276, 3.4644e+07, 2.20e+00, 5.50e-01,  3, 1, 63
NBG_NGC_7168:       N, 7168, 330.542, -51.742, 3.4735e+07, 2.00e+00, 6.70e-01, -5, 0, 61
NBG_NGC_7172:       N, 7172, 330.502, -31.875, 3.3910e+07, 1.80e+00, 5.20e-01,  2, 0, 63
NBG_NGC_7173:       N, 7173, 330.528, -31.975, 3.1982e+07, 1.30e+00, 6.70e-01, -5, 0, 63
NBG_NGC_7174:       N, 7174, 330.528, -31.992, 3.5511e+07, 1.30e+00, 4.40e-01,  3, 0, 63
NBG_NGC_7176:       N, 7176, 330.528, -31.992, 3.2225e+07, 1.30e+00, 8.50e-01, -5, 0, 63
NBG_TULLY_2208:     T, 2208, 330.657, -54.075, 2.1036e+07, 1.70e+00, 4.60e-01, 10, 0, 61
NBG_TULLY_2209:     T, 2209, 330.521, -12.175, 3.5956e+07, 1.90e+00, 8.20e-01,  8, 1, 63
NBG_NGC_7180:       N, 7180, 330.568, -20.542, 1.7854e+07, 1.40e+00, 4.70e-01, -2, 0, 61
NBG_TULLY_2211:     T, 2211, 330.714, -51.291, 1.0198e+06, 4.20e+00, 6.70e-01, 10, 0, 14
NBG_NGC_7184:       N, 7184, 330.668, -20.808, 3.4133e+07, 4.30e+00, 2.00e-01,  5, 1, 63
NBG_UGC_11880:      U, 11880, 330.642, 19.742, 2.1120e+07, 1.70e+00, 1.00e+00, 12, 1, 64
NBG_TULLY_2214:     T, 2214, 330.808, -33.841, 3.2908e+07, 1.60e+00, 3.30e-01,  2, 1, 63
NBG_NGC_7179:       N, 7179, 331.197, -64.040, 3.5670e+07, 1.50e+00, 4.80e-01,  4, 0, 62
NBG_UGC_11891:      U, 11891, 330.886, 43.743, 1.0493e+07, 5.00e+00, 7.70e-01, 10, 0, 65
NBG_NGC_7196:       N, 7196, 331.503, -50.123, 3.7571e+07, 1.80e+00, 8.50e-01, -5, 0, 61
NBG_NGC_7192:       N, 7192, 331.696, -64.306, 3.5592e+07, 1.70e+00, 1.00e+00, -5, 0, 62
NBG_NGC_7200:       N, 7200, 331.800, -50.006, 3.6714e+07, 1.30e+00, 8.50e-01, -5, 0, 61
NBG_NGC_7204:       N, 7204, 331.721, -31.056, 3.3465e+07, 1.50e+00, 5.00e-01, 13, 0, 63
NBG_UGC_11909:      U, 11909, 331.572, 47.244, 1.8862e+07, 3.20e+00, 2.60e-01, 12, 0, 65
NBG_NGC_7205:       N, 7205, 332.123, -57.422, 2.0524e+07, 2.70e+00, 5.30e-01,  4, 0, 61
NBG_NGC_7217:       N, 7217, 331.961, 31.362, 1.5963e+07, 3.80e+00, 8.80e-01,  2, 0, 65
NBG_NGC_7213:       N, 7213, 332.333, -47.171, 2.1962e+07, 2.10e+00, 1.00e+00,  1, 0, 61
NBG_NGC_7218:       N, 7218, 332.555, -16.670, 2.2040e+07, 2.10e+00, 4.50e-01,  6, 1, 61
NBG_TULLY_2226:     T, 2226, 332.560, -18.854, 2.2804e+07, 1.80e+00, 3.70e-01, 10, 0, 61
NBG_TULLY_2227:     T, 2227, 332.726, -46.087, 3.4124e+07, 2.10e+00, 1.60e-01,  2, 0, 61
NBG_TULLY_2228:     T, 2228, 333.257, -62.069, 2.0553e+07, 1.80e+00, 6.00e-02,  5, 0, 61
NBG_UGC_11944:      U, 11944, 333.000, 17.897, 2.5046e+07, 1.90e+00, 3.90e-01, 10, 0, 64
NBG_TULLY_2230:     T, 2230, 333.347, -46.019, 2.4741e+07, 2.10e+00, 3.80e-01, -2, 0, 61
NBG_TULLY_2231:     T, 2231, 333.735, -66.851, 2.1004e+07, 2.60e+00, 1.50e-01,  5, 0, 61
NBG_NGC_7232:       N, 7232, 333.919, -45.851, 2.2284e+07, 2.00e+00, 3.30e-01, -2, 1, 61
NBG_NGC_7233:       N, 7233, 333.969, -45.851, 2.2718e+07, 1.50e+00, 8.90e-01,  0, 1, 61
NBG_TULLY_2234:     T, 2234, 333.993, -45.684, 2.5318e+07, 1.70e+00, 9.00e-01,  9, 1, 61
NBG_TULLY_2235:     T, 2235, 334.125, -64.384, 3.7844e+07, 2.00e+00, 1.00e+00,  5, 1, 62
NBG_TULLY_2236:     T, 2236, 334.174, -47.117, 3.4290e+07, 1.40e+00, 2.10e-01,  5, 0, 61
NBG_TULLY_2237:     T, 2237, 334.114, -21.434, 3.3800e+07, 2.30e+00, 9.30e-01,  3, 1, 63
NBG_TULLY_2238:     T, 2238, 334.214, -21.250, 3.3196e+07, 1.80e+00, 3.80e-01, 10, 0, 63
NBG_TULLY_2239:     T, 2239, 334.314, -45.067, 2.2464e+07, 1.20e+00, 8.60e-01, 10, 0, 61
NBG_TULLY_2240:     T, 2240, 335.764, -79.997, 2.1643e+07, 2.40e+00, 3.40e-01,  5, 0, 55
NBG_TULLY_2241:     T, 2241, 335.339, -46.064, 1.1055e+07, 6.00e+00, 5.10e-01,  6, 1, 19
NBG_TULLY_2242:     T, 2242, 335.623, -48.397, 8.3696e+06, 1.30e+00, 1.00e+00, 10, 0, 19
NBG_TULLY_2243:     T, 2243, 335.896, -42.280, 3.0245e+07, 2.20e+00, 7.00e-01,  7, 1, 61
NBG_NGC_7280:       N, 7280, 336.634, 16.155, 2.6249e+07, 2.00e+00, 6.90e-01, -2, 0, 64
NBG_TULLY_2245:     T, 2245, 336.709, 16.172, 2.7016e+07, 1.00e+00, 7.00e-01, 10, 0, 64
NBG_NGC_7292:       N, 7292, 337.102, 30.306, 1.6243e+07, 2.30e+00, 8.00e-01, 10, 1, 65
NBG_TULLY_2247:     T, 2247, 337.641, -0.126, 2.1367e+07, 0.00e+00, 0.00e+00, 13, 0, 64
NBG_UGC_12060:      U, 12060, 337.619, 33.823, 1.5143e+07, 2.20e+00, 1.00e+00, 10, 1, 65
NBG_NGC_7302:       N, 7302, 338.092, -14.126, 3.3695e+07, 1.70e+00, 5.70e-01, -2, 0, 63
NBG_UGC_12069:      U, 12069, 337.703, 76.507, 3.5980e+07, 2.40e+00, 6.80e-01,  8, 0, 42
NBG_UGC_12074:      U, 12074, 338.276, 8.091, 2.6026e+07, 8.00e-01, 7.00e-01, 13, 0, 64
NBG_NGC_7307:       N, 7307, 338.481, -40.925, 2.5848e+07, 2.70e+00, 3.40e-01,  5, 0, 61
NBG_UGC_12082:      U, 12082, 338.575, 32.875, 1.3866e+07, 3.40e+00, 8.70e-01,  9, 0, 65
NBG_NGC_7314:       N, 7314, 338.941, -26.041, 1.8350e+07, 3.80e+00, 4.20e-01,  4, 0, 61
NBG_NGC_7320:       N, 7320, 338.998, 33.926, 1.3784e+07, 1.80e+00, 5.60e-01,  7, 0, 65
NBG_TULLY_2256:     T, 2256, 339.121, -2.890, 2.2903e+07, 2.20e+00, 8.50e-01,  9, 0, 64
NBG_NGC_7331:       N, 7331, 339.273, 34.426, 1.4285e+07, 8.80e+00, 4.60e-01,  4, 0, 65
NBG_NGC_7332:       N, 7332, 339.347, 23.793, 1.8258e+07, 3.00e+00, 2.70e-01, -2, 0, 65
NBG_NGC_7339:       N, 7339, 339.447, 23.793, 1.9296e+07, 2.20e+00, 3.30e-01,  4, 0, 65
NBG_NGC_7343:       N, 7343, 339.650, 34.077, 1.9129e+07, 1.20e+00, 8.20e-01,  3, 1, 65
NBG_TULLY_2261:     T, 2261, 339.774, -4.773, 1.1951e+07, 1.30e+00, 2.70e-01, 10, 0, 65
NBG_TULLY_2262:     T, 2262, 340.239, -45.655, 3.5185e+07, 1.30e+00, 2.40e-01,  3, 0, 61
NBG_UGC_12151:      U, 12151, 340.390, 0.395, 2.3821e+07, 2.80e+00, 7.00e-01, 10, 0, 64
NBG_TULLY_2264:     T, 2264, 340.485, -44.805, 2.1334e+07, 2.80e+00, 6.00e-01,  1, 1, 61
NBG_NGC_7361:       N, 7361, 340.596, -30.071, 1.5856e+07, 2.80e+00, 2.40e-01,  5, 0, 61
NBG_TULLY_2266:     T, 2266, 340.844, -39.854, 2.6722e+07, 3.20e+00, 1.00e+00,  9, 0, 61
NBG_NGC_7363:       N, 7363, 340.829, 33.996, 1.4192e+07, 1.60e+00, 7.80e-01,  7, 0, 65
NBG_UGC_12178:      U, 12178, 341.281, 6.430, 2.6500e+07, 2.90e+00, 5.50e-01,  8, 0, 64
NBG_NGC_7371:       N, 7371, 341.508, -11.003, 3.1183e+07, 1.50e+00, 1.00e+00,  0, 0, 63
NBG_TULLY_2270:     T, 2270, 341.781, -64.836, 2.8822e+07, 2.40e+00, 1.10e-01,  7, 0, 62
NBG_TULLY_2271:     T, 2271, 348.086, -89.131, 3.0938e+07, 2.20e+00, 4.00e-01, 12, 0, 55
NBG_UGC_12212:      U, 12212, 342.619, 29.132, 1.4728e+07, 2.50e+00, 7.50e-01,  9, 0, 65
NBG_UGC_12221:      U, 12221, 342.481, 82.899, 3.2137e+07, 2.20e+00, 3.60e-01,  7, 0, 42
NBG_NGC_7410:       N, 7410, 343.757, -39.667, 2.0180e+07, 4.00e+00, 2.90e-01, -2, 1, 61
NBG_NGC_7412:       N, 7412, 343.939, -42.650, 2.1095e+07, 4.00e+00, 7.30e-01,  3, 1, 61
NBG_NGC_7416:       N, 7416, 343.923, -5.500, 3.6384e+07, 2.50e+00, 2.30e-01,  3, 1, 63
NBG_NGC_7418:       N, 7418, 344.150, -37.016, 1.7794e+07, 3.40e+00, 7.00e-01,  6, 0, 61
NBG_TULLY_2278:     T, 2278, 344.148, -36.233, 2.0542e+07, 3.00e+00, 2.00e-01,  5, 0, 61
NBG_TULLY_2279:     T, 2279, 344.174, -36.766, 2.5418e+07, 2.50e+00, 5.60e-01,  5, 1, 61
NBG_TULLY_2280:     T, 2280, 344.288, -42.816, 1.1253e+07, 3.00e+00, 1.80e-01,  7, 1, 19
NBG_TULLY_2281:     T, 2281, 344.314, -43.399, 2.0995e+07, 5.50e+00, 6.30e-01,  0, 0, 61
NBG_TULLY_2282:     T, 2282, 344.298, -36.466, 2.0003e+07, 3.70e+00, 7.00e-01, -5, 0, 61
NBG_NGC_7424:       N, 7424, 344.333, -41.082, 1.1502e+07, 8.80e+00, 8.10e-01,  6, 0, 19
NBG_TULLY_2284:     T, 2284, 344.447, -36.032, 2.6838e+07, 1.40e+00, 5.00e-01, -2, 0, 61
NBG_UGC_12263:      U, 12263, 344.146, 72.684, 3.9651e+07, 4.40e+00, 7.00e-01, 10, 0, 42
NBG_NGC_7437:       N, 7437, 344.547, 14.301, 2.9202e+07, 1.90e+00, 1.00e+00,  7, 0, 64
NBG_UGC_12281:      U, 12281, 344.798, 13.585, 3.4924e+07, 2.40e+00, 7.00e-02,  8, 0, 64
NBG_TULLY_2288:     T, 2288, 344.873, -37.698, 1.6039e+07, 2.20e+00, 6.70e-01,  5, 0, 61
NBG_NGC_7448:       N, 7448, 345.020, 15.985, 3.0359e+07, 2.40e+00, 5.10e-01,  4, 0, 64
NBG_NGC_7457:       N, 7457, 345.249, 30.152, 1.2335e+07, 4.20e+00, 6.20e-01, -2, 0, 65
NBG_NGC_7463:       N, 7463, 345.471, 15.986, 3.3462e+07, 2.30e+00, 2.20e-01,  3, 0, 64
NBG_NGC_7464:       N, 7464, 345.471, 15.969, 2.6104e+07, 7.00e-01, 1.00e+00, -2, 0, 64
NBG_NGC_7456:       N, 7456, 345.550, -39.581, 1.4688e+07, 4.80e+00, 3.30e-01,  6, 0, 19
NBG_NGC_7465:       N, 7465, 345.496, 15.969, 2.7219e+07, 1.20e+00, 6.00e-01, -2, 0, 64
NBG_TULLY_2295:     T, 2295, 345.570, -37.064, 1.6917e+07, 1.80e+00, 7.80e-01,  9, 0, 61
NBG_NGC_7462:       N, 7462, 345.702, -40.847, 1.3038e+07, 3.50e+00, 1.70e-01,  5, 1, 19
NBG_NGC_7468:       N, 7468, 345.745, 16.603, 2.8932e+07, 1.00e+00, 7.00e-01, 13, 0, 64
NBG_TULLY_2298:     T, 2298, 345.863, -46.030, 1.8473e+07, 1.20e+00, 1.00e+00,  9, 1, 61
NBG_NGC_7479:       N, 7479, 346.226, 12.320, 3.2342e+07, 3.80e+00, 7.60e-01,  5, 1, 64
NBG_UGC_12344:      U, 12344, 346.243, 18.720, 2.3200e+07, 2.00e+00, 4.40e-01,  7, 1, 64
NBG_UGC_12350:      U, 12350, 346.321, 16.853, 2.9467e+07, 2.40e+00, 3.70e-01,  9, 0, 64
NBG_NGC_7497:       N, 7497, 347.295, 18.171, 2.4183e+07, 3.40e+00, 3.80e-01,  5, 1, 64
NBG_NGC_7496:       N, 7496, 347.450, -43.429, 2.0064e+07, 3.60e+00, 1.00e+00,  3, 1, 61
NBG_TULLY_2304:     T, 2304, 347.520, 18.438, 2.5114e+07, 1.10e+00, 1.00e+00, 10, 0, 64
NBG_NGC_7507:       N, 7507, 348.023, -28.545, 1.9283e+07, 2.20e+00, 1.00e+00, -5, 0, 61
NBG_NGC_7518:       N, 7518, 348.284, 6.322, 1.0009e+07, 1.60e+00, 9.40e-01,  1, 0, 65
NBG_UGC_12423:      U, 12423, 348.284, 6.406, 1.2990e+07, 2.50e+00, 1.40e-01,  5, 0, 65
NBG_NGC_7537:       N, 7537, 348.636, 4.506, 3.5268e+07, 1.70e+00, 2.80e-01,  4, 0, 64
NBG_NGC_7531:       N, 7531, 348.695, -43.611, 1.9261e+07, 4.40e+00, 3.90e-01,  4, 0, 61
NBG_NGC_7541:       N, 7541, 348.686, 4.539, 3.3430e+07, 2.70e+00, 3.60e-01,  4, 1, 64
NBG_NGC_7552:       N, 7552, 349.066, -42.610, 1.9531e+07, 3.50e+00, 8.90e-01,  2, 1, 61
NBG_NGC_7582:       N, 7582, 349.588, -42.376, 1.7543e+07, 3.90e+00, 5.00e-01,  2, 1, 61
NBG_NGC_7590:       N, 7590, 349.737, -42.243, 1.7321e+07, 2.20e+00, 3.70e-01,  4, 0, 61
NBG_NGC_7606:       N, 7606, 349.773, -8.493, 2.8889e+07, 4.20e+00, 3.80e-01,  3, 0, 63
NBG_NGC_7599:       N, 7599, 349.837, -42.260, 2.0216e+07, 3.80e+00, 3.10e-01,  5, 1, 61
NBG_NGC_7625:       N, 7625, 350.126, 17.224, 2.3018e+07, 1.60e+00, 1.00e+00,  1, 0, 64
NBG_TULLY_2317:     T, 2317, 350.210, -41.726, 1.0488e+06, 2.40e+00, 8.70e-01, 10, 0, 14
NBG_NGC_7632:       N, 7632, 350.534, -42.492, 1.9335e+07, 1.90e+00, 5.00e-01, -2, 1, 61
NBG_NGC_7640:       N, 7640, 350.525, 40.841, 8.6313e+06, 7.80e+00, 2.50e-01,  5, 1, 65
NBG_UGC_12578:      U, 12578, 351.091, -0.109, 3.5382e+07, 1.60e+00, 7.20e-01, 12, 0, 64
NBG_UGC_12588:      U, 12588, 351.177, 41.341, 9.2439e+06, 2.10e+00, 1.00e+00,  8, 0, 65
NBG_TULLY_2322:     T, 2322, 351.593, -32.392, 1.0392e+06, 1.40e+00, 8.80e-01, 10, 0, 14
NBG_TULLY_2323:     T, 2323, 351.627, 18.275, 2.1867e+07, 5.00e-01, 8.90e-01, 13, 0, 64
NBG_TULLY_2324:     T, 2324, 351.723, -37.341, 8.1658e+06, 1.20e+00, 3.30e-01, 10, 0, 19
NBG_NGC_7661:       N, 7661, 351.806, -65.275, 2.3800e+07, 1.70e+00, 6.50e-01,  5, 0, 55
NBG_TULLY_2327:     T, 2327, 352.176, -41.324, 1.8160e+07, 2.70e+00, 9.70e-01,  4, 0, 61
NBG_UGC_12632:      U, 12632, 352.508, 40.992, 9.2363e+06, 4.90e+00, 8.20e-01,  9, 0, 65
NBG_NGC_7689:       N, 7689, 353.164, -54.090, 2.3759e+07, 2.50e+00, 7.10e-01,  6, 0, 55
NBG_NGC_7690:       N, 7690, 353.235, -51.690, 1.6418e+07, 1.70e+00, 3.80e-01,  3, 0, 61
NBG_TULLY_2331:     T, 2331, 353.615, -36.090, 8.3917e+06, 1.04e+01, 9.30e-01,  7, 0, 19
NBG_UGC_12682:      U, 12682, 353.730, 18.226, 1.9941e+07, 1.60e+00, 8.30e-01, 10, 0, 64
NBG_UGC_12690:      U, 12690, 353.940, 1.210, 3.4246e+07, 2.10e+00, 1.00e+00, 10, 0, 64
NBG_NGC_7713:       N, 7713, 354.065, -37.923, 8.1080e+06, 3.90e+00, 4.20e-01,  6, 1, 19
NBG_NGC_7714:       N, 7714, 354.065, 2.160, 3.6919e+07, 1.80e+00, 7.50e-01,  3, 1, 64
NBG_NGC_7715:       N, 7715, 354.090, 2.160, 3.6344e+07, 2.20e+00, 1.50e-01, 10, 0, 64
NBG_TULLY_2337:     T, 2337, 354.115, -38.790, 1.8709e+07, 4.00e+00, 5.00e-01,  7, 0, 61
NBG_NGC_7716:       N, 7716, 354.141, 0.310, 3.3697e+07, 2.00e+00, 8.90e-01,  3, 1, 64
NBG_UGC_12709:      U, 12709, 354.366, 0.410, 3.5090e+07, 2.70e+00, 6.40e-01,  9, 0, 64
NBG_UGC_12710:      U, 12710, 354.381, 17.994, 3.4175e+07, 1.50e+00, 6.40e-01, 10, 0, 64
NBG_TULLY_2341:     T, 2341, 354.447, -47.723, 3.4962e+07, 3.80e+00, 1.00e-01,  5, 0, 60
NBG_TULLY_2342:     T, 2342, 354.424, 30.127, 1.9593e+07, 5.00e-01, 8.20e-01, 13, 0, 65
NBG_UGC_12713:      U, 12713, 354.549, 30.710, 6.8213e+06, 1.20e+00, 5.40e-01,  0, 0, 65
NBG_NGC_7721:       N, 7721, 354.694, -6.523, 2.6079e+07, 2.40e+00, 3.80e-01,  5, 0, 63
NBG_NGC_7723:       N, 7723, 354.747, -12.956, 2.3756e+07, 3.60e+00, 6.10e-01,  3, 1, 63
NBG_NGC_7727:       N, 7727, 354.971, -12.290, 2.3297e+07, 3.40e+00, 1.00e+00,  1, 0, 63
NBG_UGC_12732:      U, 12732, 355.153, 26.227, 1.2349e+07, 3.00e+00, 1.00e+00,  9, 0, 65
NBG_NGC_7731:       N, 7731, 355.389, 3.744, 3.6835e+07, 1.50e+00, 7.00e-01,  1, 1, 64
NBG_NGC_7741:       N, 7741, 355.980, 26.078, 1.2341e+07, 3.80e+00, 6.90e-01,  6, 1, 65
NBG_TULLY_2350:     T, 2350, 356.004, -31.972, 3.2634e+06, 2.80e+00, 2.00e-01,  9, 0, 14
NBG_NGC_7742:       N, 7742, 356.062, 10.761, 2.2169e+07, 2.00e+00, 9.10e-01,  3, 0, 64
NBG_NGC_7743:       N, 7743, 356.087, 9.928, 2.4287e+07, 2.90e+00, 8.30e-01, -2, 1, 64
NBG_NGC_7744:       N, 7744, 356.259, -42.922, 3.6857e+07, 2.40e+00, 8.00e-01, -2, 0, 60
NBG_TULLY_2354:     T, 2354, 356.941, -57.072, 2.2705e+07, 2.70e+00, 2.00e-01,  7, 0, 55
NBG_NGC_7755:       N, 7755, 357.000, -30.539, 3.7010e+07, 3.40e+00, 7.80e-01,  5, 1, 60
NBG_UGC_12791:      U, 12791, 357.208, 26.228, 1.2865e+07, 1.50e+00, 3.90e-01, 10, 0, 65
NBG_TULLY_2357:     T, 2357, 357.352, -37.772, 7.6505e+06, 1.50e+01, 3.60e-01, 10, 0, 19
NBG_NGC_7764:       N, 7764, 357.752, -40.739, 2.0571e+07, 2.00e+00, 8.00e-01, 10, 0, 61
NBG_TULLY_2359:     T, 2359, 358.006, -52.572, 6.0902e+06, 1.70e+00, 1.70e-01, 10, 0, 19
NBG_UGC_12843:      U, 12843, 358.888, 17.928, 2.4539e+07, 2.50e+00, 4.70e-01,  8, 0, 64
NBG_UGC_12846:      U, 12846, 358.964, 18.412, 2.4157e+07, 2.00e+00, 9.10e-01,  9, 0, 64
NBG_TULLY_2362:     T, 2362, 359.107, -81.572, 2.2953e+07, 3.20e+00, 5.00e-01,  5, 0, 55
NBG_UGC_12856:      U, 12856, 359.189, 16.828, 2.4511e+07, 2.10e+00, 3.80e-01, 10, 1, 64
NBG_NGC_7793:       N, 7793, 359.468, -32.572, 2.7368e+06, 8.60e+00, 7.00e-01,  8, 0, 14
NBG_NGC_7798:       N, 7798, 359.865, 20.762, 3.2615e+07, 1.50e+00, 9.40e-01, 12, 0, 64
NBG_NGC_7800:       N, 7800, 359.890, 14.812, 2.3871e+07, 2.40e+00, 7.20e-01, 13, 0, 64
NBG_UNDEF_2:        *, 2, 180.04, -0.68, 8.7e+04, 1.58e+00, 1.00e+00, -5, 0, 0
